step,time_years,spot,log_return,realized_volatility,time_to_maturity,option_fair_value,option_bid,option_ask,option_mid,option_spread,option_delta,option_gamma,option_vega,option_theta,option_rho,option_inventory,stock_position,net_delta,hedge_error,option_cash,hedge_cash,cash,option_market_value,stock_market_value,gross_exposure,portfolio_value
0,0.0,100.00000000000004,0.0,0.047482541248099884,0.11904761904761904,3.1443255641263264,3.12,3.16,3.14,0.040000000000000036,0.527632635225728,0.05243044839185027,13.731784102627467,-13.680547269996707,5.907016423624582,6,-316.5795811354368,0.0,0.0,-1872.12,31656.375215638014,29784.255215638015,1886.5953384757959,-31657.958113543693,33544.55345201949,12.892440570118197
1,5.087505087505087e-05,100.04790770755241,0.00047896235474053554,0.047482541248099884,0.118996743996744,3.1689670459351262,3.14,3.18,3.16,0.040000000000000036,0.5301379341637783,0.05239263190773543,13.72916093960971,-13.68857276566038,5.934394285951123,-2,106.02758683275567,1.4210854715202004e-14,1.4210854715202004e-14,671.7200000000003,-10626.701769940672,-9954.98176994067,-633.7934091870252,10607.838221898039,11241.631631085063,19.0630427703436
2,0.00010175010175010175,99.8848498596535,-0.001631127245333589,0.15509318543725392,0.11894586894586893,3.0825256758948427,3.0700000000000003,3.11,3.09,0.03999999999999959,0.5215744468749769,0.05256266834853676,13.722988221287004,-13.671185222131644,5.830115071239996,-7,365.1021128124838,0.0,0.0,2226.6200000000003,-36505.61578089322,-34278.995780893216,-2157.7679731263897,36468.16972171722,38625.93769484361,31.405967697610322
3,0.00015262515262515263,100.00262386451018,0.0011784031914671875,0.16742866695455286,0.11889499389499389,3.143621514682316,3.13,3.17,3.15,0.040000000000000036,0.5277526002830749,0.052461614848014565,13.723051549783733,-13.6890375037586,5.901117998075514,-1,52.775260028307514,2.1316282072803006e-14,2.1316282072803006e-14,348.50000000000045,-5273.672674370078,-4925.172674370078,-314.36215146823156,5277.664477962556,5592.026629430788,38.129652124245695
4,0.0002035002035002035,100.15040954559258,0.0014767271364427863,0.1718171577755335,0.11884411884411884,3.2214908858374116,3.2,3.24,3.22,0.040000000000000036,0.5354900108956901,0.052314583396808924,13.71919427727382,-13.706402968884806,5.9907006429704595,6,-321.2940065374141,0.0,0.0,-1891.6399999999994,32187.64441109413,30296.00441109413,1932.894531502447,-32177.72633926632,34110.62087076877,51.172603330258426
5,0.00025437525437525436,99.84434400336184,-0.003060738101751706,0.24623352681544267,0.11879324379324378,3.059355698131405,3.0300000000000002,3.0700000000000003,3.0500000000000003,0.040000000000000036,0.5194216479686183,0.052632378435128566,13.712427808043445,-13.673453682332585,5.797342894809138,0,0.0,0.0,0.0,-49.75999999999908,106.65112668842266,56.89112668842358,0.0,0.0,0.0,56.89112668842358
6,0.00030525030525030525,99.64061395209866,-0.002042561245542364,0.24382780224183442,0.11874236874236874,2.953933421911721,2.93,2.97,2.95,0.040000000000000036,0.5086721801891974,0.052801408734725566,13.694516019212891,-13.640871176099612,5.667629652307559,-4,203.46887207567895,0.0,0.0,1138.160000000001,-20168.125895239937,-19029.965895239937,-1181.5733687646884,20273.76333376167,21455.33670252636,62.22406975704507
7,0.0003561253561253561,99.66068454074365,0.0002014095127787979,0.22851158868741048,0.11869149369149369,2.9634591589214594,2.95,2.99,2.97,0.040000000000000036,0.5097220495491739,0.05279888332167391,13.693508804608758,-13.647481749762328,5.6777012749863625,-4,203.46887207567895,-0.41994774399060475,-0.41994774399060475,1138.160000000001,-20168.125895239937,-19029.965895239937,-1185.3836635685839,20277.847073795165,21463.23073736375,62.49751498664409
8,0.000407000407000407,99.61132084026494,-0.0004954404046278943,0.21377846239335627,0.11864061864061863,2.9376678452521574,2.92,2.96,2.94,0.040000000000000036,0.5071045549923867,0.05284368694529531,13.68568665397633,-13.640469246395293,5.6444089001637,-4,203.46887207567895,0.6270500787242668,0.6270500787242668,1138.160000000001,-20168.125895239937,-19029.965895239937,-1175.0671381008628,20267.803097337277,21442.87023543814,62.77006399647871
9,0.0004578754578754579,99.6087747718946,-2.5560356877233327e-05,0.20235896593786384,0.11858974358974358,2.935682891199292,2.92,2.96,2.94,0.040000000000000036,0.5069596647224414,0.052856710171690226,13.682489894849823,-13.642672833445145,5.640359238176994,-4,203.46887207567895,0.6850061867023953,0.6850061867023953,1138.160000000001,-20168.125895239937,-19029.965895239937,-1174.2731564797168,20267.28505167774,21441.558208157458,63.045999958085304
10,0.0005087505087505087,99.47560895244864,-0.0013377828719148945,0.1960935002223171,0.11853886853886854,2.867949432500126,2.85,2.89,2.87,0.040000000000000036,0.49990366775627854,0.0529468804404186,13.663345438100512,-13.616320885519276,5.55476366202816,-4,203.46887207567895,3.5074049731675245,3.5074049731675245,1138.160000000001,-20168.125895239937,-19029.965895239937,-1147.1797730000503,20240.189952596036,21387.369725596087,63.04428435604859
11,0.0005596255596255596,99.61305426783912,0.0013807449907336095,0.20153407385178615,0.11848799348799348,2.936464398285217,2.92,2.96,2.94,0.040000000000000036,0.5071652547251757,0.05287664606606212,13.677081627634054,-13.648987953918237,5.6381108380909755,-4,203.46887207567895,0.602770185608648,0.602770185608648,1138.160000000001,-20168.125895239937,-19029.965895239937,-1174.5857593140868,20268.155795890623,21442.74155520471,63.60414133660015
12,0.0006105006105006105,99.73478660628405,0.0012213059649135184,0.20208323139687712,0.11843711843711843,2.9978987553285634,2.98,3.02,3.0,0.040000000000000036,0.5135879892732254,0.052801322336906084,13.685120880552132,-13.674726167631057,5.71159329250738,-4,203.46887207567895,-1.9663236336112107,-1.9663236336112107,1138.160000000001,-20168.125895239937,-19029.965895239937,-1199.1595021314254,20292.924537489147,21492.08403962057,63.79914011778601
13,0.0006613756613756613,99.74520130037507,0.00010441843525066204,0.19449953985387403,0.11838624338624337,3.002554616211995,2.99,3.0300000000000002,3.0100000000000002,0.040000000000000036,0.5141290494760764,0.052804662296538074,13.68296488499457,-13.679278189716612,5.715610988325927,-1,51.41290494760764,0.0,0.0,241.10000000000093,-5002.031187779756,-4760.9311877797545,-300.2554616211995,5128.190553436174,5428.446015057373,67.00390403522033
14,0.0007122507122507122,99.92187244486283,0.0017696577335501553,0.2003007187471423,0.11833536833536833,3.093512338144926,3.0700000000000003,3.11,3.09,0.03999999999999959,0.5234383506372573,0.052664643103866725,13.689182726897416,-13.709125496349294,5.8232157603783365,1,-52.34383506372572,7.105427357601002e-15,7.105427357601002e-15,-372.93999999999903,5365.018174540455,4992.0781745404565,309.3512338144926,-5230.29401051254,5539.645244327033,71.13539784240947
15,0.0007631257631257631,99.99528343026371,0.0007344140964704998,0.19546266146417404,0.11828449328449328,3.1313823188009096,3.11,3.15,3.13,0.040000000000000036,0.5272959647157734,0.052604853735509514,13.68785334484849,-13.721088300813298,5.866405452007795,-4,210.91838588630938,0.0,0.0,1201.960000000001,-20961.278474859035,-19759.318474859036,-1252.552927520364,21090.84377735524,22343.396704875602,78.97237497584138
16,0.000814000814000814,99.8606217407245,-0.0013475880014930694,0.19470063691597975,0.11823361823361822,3.0601558869048375,3.0500000000000003,3.09,3.0700000000000003,0.03999999999999959,0.5201958817854231,0.052743100979405017,13.681000304500841,-13.70601378895792,5.780078416663261,1,-52.01958817854231,0.0,0.0,-323.1399999999992,5294.558237025081,4971.418237025082,306.01558869048375,-5194.708418205677,5500.724006896161,82.72540750988901
17,0.0008648758648758648,99.918502077035,0.0005794433054261747,0.1901479893010487,0.11818274318274317,3.0896555394664347,3.0700000000000003,3.11,3.09,0.03999999999999959,0.5232403202982316,0.05270195011483858,13.680288687531167,-13.716926787183017,5.813614005885632,-3,156.9720960894695,0.0,0.0,920.7800000000009,-15588.62190839323,-14667.84190839323,-926.8966618399304,15684.416709152194,16611.313370992124,89.67813891903461
18,0.0009157509157509158,99.76835120053391,-0.0015038636979362269,0.19065269813103689,0.11813186813186813,3.0109883819699803,3.0,3.04,3.02,0.040000000000000036,0.5153084968936423,0.052843448972487446,13.66993652763028,-13.696946059982974,5.717640386394421,-3,156.9720960894695,2.379547021376794,2.379547021376794,920.7800000000009,-15588.62190839323,-14667.84190839323,-903.2965145909941,15660.847211338149,16564.14372592914,89.70878835392432
19,0.0009666259666259666,99.90605242925078,0.0013792579123145,0.19144338021345209,0.11808099308099307,3.0817496595463965,3.0700000000000003,3.11,3.09,0.03999999999999959,0.5225701502647407,0.05273631934754776,13.67401624774503,-13.72074443600658,5.800867078110694,-7,365.7991051853185,0.0,0.0,2164.7000000000007,-36452.74718187272,-34288.047181872724,-2157.2247616824775,36545.54458121745,38702.76934289993,100.27263766225224
20,0.0010175010175010174,99.89830608039077,-7.753933819686108e-05,0.18659826535665863,0.11803011803011802,3.0770051719656593,3.0700000000000003,3.11,3.09,0.03999999999999959,0.5221545286965964,0.052754861023481564,13.67081020448582,-13.722430658472938,5.7935493893115355,-12,626.5854344359158,0.0,0.0,3719.600000000001,-62506.162328557504,-58786.562328557506,-3692.406206358791,62594.82351479374,66287.22972115253,115.8549798774402
21,0.0010683760683760683,99.86941167149635,-0.0002892800640778984,0.18224348717217745,0.11797924297924298,3.0612418612012817,3.06,3.1,3.08,0.040000000000000036,0.5206224170542721,0.052792390277537085,13.66672938026283,-13.721073187903267,5.773079787135225,-6,312.3734502325633,0.0,0.0,1883.480000000001,-31127.56533433531,-29244.085334335312,-1836.7451167207691,31196.552696521543,33033.297813242316,115.72224546546204
22,0.001119251119251119,99.7628377092455,-0.0010677029658867625,0.18047682703583776,0.11792836792836792,3.005359775059688,2.99,3.0300000000000002,3.0100000000000002,0.040000000000000036,0.5149826148447023,0.05289358815851278,13.657826338127043,-13.707020951287072,5.7042856375627276,-6,312.3734502325633,3.3838813257419247,3.3838813257419247,1883.480000000001,-31127.56533433531,-29244.085334335312,-1803.2158650358128,31163.26182022829,32966.4776852641,115.96062085716403
23,0.0011701261701261702,99.95448655472272,0.0019192016016547513,0.18575692655804782,0.11787749287749287,3.1043271274650124,3.09,3.13,3.11,0.040000000000000036,0.5250975230731575,0.05273623371925901,13.663666924709984,-13.738184722152162,5.82097050085373,-6,312.3734502325633,-2.685063611331202,-2.685063611331202,1883.480000000001,-31127.56533433531,-29244.085334335312,-1862.5962764790074,31223.127831323094,33085.7241078021,116.4462205087766
24,0.001221001221001221,99.93033226783965,-0.00024168205612611735,0.1819530147474332,0.11782661782661782,3.090960315255799,3.08,3.12,3.1,0.040000000000000036,0.5238167152694426,0.05277077880135043,13.660111960621379,-13.737825154863017,5.803457931129495,-10,523.8167152694426,0.0,0.0,3131.400000000001,-52258.217545054096,-49126.817545054095,-3090.9603152557993,52345.17840432376,55436.138719579554,127.40054401386442
25,0.0012718762718762718,99.8632692248969,-0.0006713232552026913,0.17915251947375507,0.11777574277574276,3.0552517798890406,3.0500000000000003,3.09,3.0700000000000003,0.03999999999999959,0.5202681731288882,0.052843638462517266,13.654720162932882,-13.73122229106579,5.759284331324638,-5,260.1340865644441,0.0,0.0,1606.3000000000009,-25927.324815225318,-24321.02481522532,-1527.6258899445204,25977.840321157713,27505.466211102234,129.18961598787428
26,0.0013227513227513227,99.80818385758984,-0.0005517600824168911,0.17618895873283777,0.11772486772486772,3.025974598307137,3.0100000000000002,3.0500000000000003,3.0300000000000002,0.040000000000000036,0.5173478180403649,0.05290250813280971,13.648956850097278,-13.7255313370855,5.722555380060819,-1,51.73478180403649,0.0,0.0,402.22000000000094,-5128.408687710926,-4726.188687710925,-302.59745983071366,5163.554614129567,5466.152073960281,134.76846658792874
27,0.0013736263736263735,99.89166810260922,0.0008360972636013039,0.17455827186697942,0.11767399267399267,3.068650266562507,3.0500000000000003,3.09,3.0700000000000003,0.03999999999999959,0.5217541739445478,0.052841063642980766,13.650018882644675,-13.740851335171204,5.771938112922219,-1,51.73478180403649,-0.4406355904182959,-0.4406355904182959,402.22000000000094,-5128.408687710926,-4726.188687710925,-306.86502665625073,5167.87365332972,5474.7386799859705,134.81993896254426
28,0.0014245014245014244,99.94904781013147,0.0005742544389621085,0.17215405825752603,0.11762311762311761,3.0979757974653737,3.08,3.12,3.1,0.040000000000000036,0.5247781357602358,0.05279874926896813,13.64885826852669,-13.751341998319893,5.8050653903081075,-4,209.9112543040943,0.0,0.0,1338.160000000001,-20938.78697944777,-19600.62697944777,-1239.1903189861496,20980.42999232459,22219.62031131074,140.61269389067093
29,0.0014753764753764754,100.01388169672677,0.0006484590821615857,0.17001676538514676,0.11757224257224257,3.131410058036522,3.12,3.16,3.14,0.040000000000000036,0.5281934460300725,0.05274586136919883,13.646976331620511,-13.76194789057137,5.842783958928156,-4,209.9112543040943,-1.3661241079346667,-1.3661241079346667,1338.160000000001,-20938.78697944777,-19600.62697944777,-1252.5640232146088,20994.039354781216,22246.603377995823,140.84835211883546
30,0.0015262515262515263,100.0815983243873,0.0006768431774519221,0.1680139722766474,0.11752136752136752,3.1665978423065297,3.15,3.19,3.17,0.040000000000000036,0.5317578313676589,0.05268606512642137,13.64406396148602,-13.771895384800493,5.88224716097507,-7,372.2304819573612,0.0,0.0,2295.1000000000013,-37184.766980153916,-34889.66698015392,-2216.618489614571,37253.42157934971,39470.040068964285,147.13610958122445
31,0.001577126577126577,100.4185839318716,0.0033614525533327303,0.18479853146554087,0.11747049247049246,3.3480749410338007,3.34,3.38,3.36,0.040000000000000036,0.5494440076715231,0.052282482426786576,13.624979453819028,-13.795030215833208,6.088062658957901,-8,439.5552061372185,0.0,0.0,2633.0800000000013,-43945.75847857231,-41312.67847857231,-2678.4599528270405,44139.511360181394,46817.971313008435,148.37292878204607
32,0.001628001628001628,100.35464389167002,-0.0006369379329740739,0.18285002675738932,0.11741961741961741,3.3123486059128595,3.31,3.35,3.33,0.040000000000000036,0.5460964037255979,0.05238023821404603,13.627172684617927,-13.795905751975464,6.046049002304316,-8,439.5552061372185,2.678083156740172,2.678083156740172,2633.0800000000013,-43945.75847857231,-41312.67847857231,-2649.8788847302876,44111.40618263017,46761.285067360455,148.84881932757708
33,0.0016788766788766788,100.27409130234791,-0.0008030015597976682,0.181383598742581,0.11736874236874237,3.2678274307320407,3.2600000000000002,3.3000000000000003,3.2800000000000002,0.040000000000000036,0.5418700249294678,0.052495456082858015,13.62932397994038,-13.794990321845455,5.993751363526584,-6,325.1220149576807,0.0,0.0,1981.0400000000013,-32471.647952429317,-30490.607952429316,-1960.6964584392244,32601.314612269794,34562.01107070902,150.01020140125183
34,0.0017297517297517296,100.14620723996568,-0.0012761589586301812,0.18156543693216598,0.11731786731786731,3.1982591412914942,3.19,3.23,3.21,0.040000000000000036,0.5351424875716454,0.05266006959697017,13.631300175979815,-13.788913242439609,5.912143743816703,-6,325.1220149576807,4.036522414693422,4.036522414693422,1981.0400000000013,-32471.647952429317,-30490.607952429316,-1918.9554847748966,32559.73668822711,34478.692173002004,150.1732510228976
35,0.0017806267806267804,100.24313471898682,0.0009673916350311476,0.18025523189592818,0.11726699226699226,3.249674404456563,3.24,3.2800000000000002,3.2600000000000002,0.040000000000000036,0.5402380509224982,0.05255672147647484,13.624984317513283,-13.798758690044476,5.969532683653852,3,-162.07141527674946,0.0,0.0,-935.139999999999,16363.706818932907,15428.566818932908,974.902321336969,-16246.546715684055,17221.449037021022,156.92242458582223
36,0.0018315018315018315,100.42096059845346,0.0017723741333585195,0.18202632935750285,0.11721611721611722,3.345870036829716,3.3200000000000003,3.36,3.34,0.03999999999999959,0.5495626491940775,0.052335991723726896,13.610034089501053,-13.809001147951555,6.076687367533532,-3,164.86879475822326,0.0,0.0,1080.7400000000011,-16469.584713536686,-15388.844713536684,-1003.7610110489147,16556.282742330048,17560.043753378963,163.67701774444868
37,0.0018823768823768823,100.40308713663086,-0.00017800121122344553,0.17967205132635486,0.11716524216524216,3.3353532279685183,3.3200000000000003,3.36,3.34,0.03999999999999959,0.5486256832670205,0.0523719606438345,13.60863108728608,-13.811362227414673,6.063109020272494,5,-274.3128416335103,0.0,0.0,-1575.4199999999987,27623.40263430529,26047.982634305292,1667.6766139842591,-27541.856141226155,29209.532755210414,173.80310706339515
38,0.0019332519332519332,100.27088715166506,-0.001317560032975603,0.18014907343960826,0.11711436711436711,3.2625806340242605,3.23,3.27,3.25,0.040000000000000036,0.5416876626878252,0.05255664957124966,13.614767932914132,-13.808767661334816,5.9790306333005745,10,-541.6876626878252,0.0,0.0,-3190.5199999999986,54431.97264791369,51241.45264791369,3262.5806340242607,-54315.50249682013,57578.083130844396,188.53078511782223
39,0.001984126984126984,100.14132442327285,-0.0012929625936846441,0.18272666419292177,0.11706349206349206,3.1921375373106287,3.16,3.2,3.18,0.040000000000000036,0.5348637674884537,0.052723071787542625,13.616689150795073,-13.802468545416684,5.896468021776331,17,-909.2684047303711,0.0,0.0,-5402.659999999998,91240.15448742663,85837.49448742662,5426.633813428069,-91055.34230593586,96481.97611936393,208.78599491882778
40,0.002035002035002035,100.24369175401645,0.001021706528776018,0.18380994226510816,0.117012617012617,3.246463496212982,3.2,3.24,3.22,0.040000000000000036,0.5402516237134701,0.05261334316170718,13.610227253657087,-13.812767491673846,5.957153724263945,17,-909.2684047303711,9.159355582528065,9.159355582528065,-5402.659999999998,91240.15448742663,85837.49448742662,5518.98794356207,-91148.4216854576,96667.40962901966,208.06074553109647
41,0.0020858770858770857,100.36075543916287,0.0011671097034235496,0.18128844187060236,0.11696174196174196,3.309364425307699,3.2600000000000002,3.3000000000000003,3.2800000000000002,0.040000000000000036,0.546400276622719,0.05247479405510263,13.60019373072715,-13.821244978785465,6.026778920937013,17,-928.8804702586223,0.0,0.0,-5402.659999999998,93208.33778547867,87805.67778547866,5625.919523023088,-93223.14570784019,98849.06523086327,208.4516006615595
42,0.0021367521367521365,100.44641126131938,0.0008531152424392437,0.1804530068047761,0.1169108669108669,3.3556558106792593,3.31,3.35,3.33,0.040000000000000036,0.5508892497209712,0.05236883009943586,13.589994582344533,-13.826242978884128,6.076932436186591,21,-1156.8674244140395,0.0,0.0,-6726.739999999998,116107.66412122131,109380.92412122132,7046.877202426444,-116203.18108751593,123250.05828994238,224.62023613184283
43,0.0021876271876271874,100.34164946412221,-0.001043506335237072,0.1794723030946648,0.11685999185999185,3.2975279692341104,3.24,3.29,3.265,0.04999999999999982,0.545393424093795,0.05252301383501083,13.595670881421118,-13.826131851728805,6.009892934593956,21,-1156.8674244140395,-11.541233817069951,-11.541233817069951,-6726.739999999998,116107.66412122131,109380.92412122132,6924.808735391632,-116081.98557701545,123006.79431240709,223.74727959750453
44,0.002238502238502238,100.37829176188994,0.0003651086977297605,0.16463430321219188,0.1168091168091168,3.316844144318381,3.2600000000000002,3.31,3.285,0.04999999999999982,0.547315504330439,0.05248561582575668,13.589995705364972,-13.830233419438528,6.02989116991995,16,-875.7048069287023,0.0,0.0,-5071.839999999998,87883.62973957896,82811.78973957896,5306.9506309094095,-87901.75260717877,93208.70323808819,216.9877633096039
45,0.0022893772893772895,100.39675361476984,0.00018390585241646074,0.15679014710893543,0.11675824175824175,3.3262538332314193,3.2800000000000002,3.3200000000000003,3.3000000000000003,0.040000000000000036,0.548282875856482,0.0524720013962078,13.585549101102073,-13.833576892438984,6.038685703369486,11,-603.1111634421302,0.0,0.0,-3411.939999999998,60514.74450166207,57102.804501662074,3658.879216554561,-60550.402878416724,64209.282094971284,211.2808397999106
46,0.0023402523402523403,100.43129277001808,0.0003439674508669447,0.15682636344665046,0.1167073667073667,3.3445184534381127,3.31,3.35,3.33,0.040000000000000036,0.5500934114597014,0.05243573765091173,13.57958315725965,-13.837183380379958,6.057354383626104,8,-440.0747291677611,0.0,0.0,-2406.9999999999977,44139.96594087996,41732.96594087996,2675.61476275049,-44197.27396573383,46872.88872848432,211.3067378966225
47,0.002391127391127391,100.56880091444667,0.001368239818799757,0.1581424747994819,0.11665649165649165,3.419951834300491,3.39,3.43,3.41,0.040000000000000036,0.5572907619369345,0.052246884219299225,13.561837374479135,-13.84051277245808,6.13917757845587,8,-440.0747291677611,5.757880381786492,5.757880381786492,-2406.9999999999977,44139.96594087996,41732.96594087996,2735.961467440393,-44257.7878251516,46993.749292591994,211.13958316875505
48,0.002442002442002442,100.60417390091948,0.00035166738345231564,0.15803500416054264,0.1166056166056166,3.438993368568866,3.41,3.45,3.43,0.040000000000000036,0.5591389303121628,0.0522040952663548,13.554350839597005,-13.842761845538584,6.158259408402955,11,-615.0528233433791,0.0,0.0,-3430.0599999999977,61742.61237984454,58312.55237984454,3782.892705425753,-61876.88119788882,65659.77390331458,218.56388738147507
49,0.002492877492877493,100.71148995267927,0.001066147162827311,0.15468217957520186,0.11655474155474155,3.4985940880217115,3.46,3.5,3.48,0.040000000000000036,0.5647344015802733,0.052044537488257936,13.535859009916026,-13.842169781980106,6.221301520239081,7,-395.3140811061913,0.0,0.0,-2030.1399999999976,39611.28973800306,37581.14973800306,2449.015861615198,-39812.67010747882,42261.68596909402,217.49549213943828
50,0.0025437525437525437,100.72225136121604,0.00010684812263077487,0.15278108477919475,0.1165038665038665,3.503970171208884,3.47,3.5100000000000002,3.49,0.040000000000000036,0.565296719734687,0.05203816743790931,13.531185975481085,-13.84448284934031,6.22526621958467,3,-169.5890159204061,0.0,0.0,-626.2199999999975,16874.616206995823,16248.396206995825,1051.1910513626653,-17081.38748963641,18132.578540999075,218.19976872207917
51,0.0025946275946275945,100.76803868423715,0.00045448665341584935,0.15131030193829734,0.11645299145299144,3.5292038259702707,3.5,3.54,3.52,0.040000000000000036,0.5676805294890818,0.05197312160693376,13.520655383313827,-13.844934409881802,6.250596816833589,-4,227.0722117956327,0.0,0.0,1851.6400000000026,-23098.15627072793,-21246.516270727927,-1411.6815303881083,22881.62142233761,24293.302952725717,223.42362122157283
52,0.0026455026455026454,100.86799107074268,0.0009914140326399005,0.1521336520168786,0.1164021164021164,3.5855000936397445,3.5700000000000003,3.61,3.59,0.03999999999999959,0.5728707935038064,0.051811571903948986,13.499480895537715,-13.840985966086969,6.308858051768319,-9,515.5837141534258,0.0,0.0,3656.5400000000027,-52201.186993142546,-48544.646993142545,-3226.95008427577,52005.8934754481,55232.84355972387,234.29639802978636
53,0.002696377696377696,100.63769553178145,-0.0022857482894082797,0.1587869294335298,0.11635124135124135,3.4542430997731373,3.45,3.49,3.47,0.040000000000000036,0.5608949513060304,0.05220860904525226,13.53496670101602,-13.855994894053872,6.165793448393367,-9,515.5837141534258,10.778257977998464,10.778257977998464,3656.5400000000027,-52201.186993142546,-48544.646993142545,-3108.8187897958237,51887.156846117505,54995.97563591333,233.69106317913247
54,0.002747252747252747,100.58730672348504,-0.0005008205619068962,0.15898960403669943,0.11630036630036629,3.4253415329221752,3.42,3.46,3.44,0.040000000000000036,0.5582630580373726,0.052298464527885266,13.538765353903326,-13.859903445222702,6.1323829318871494,-12,669.9156696448472,0.0,0.0,4694.480000000003,-67725.7989291806,-63031.3189291806,-4110.40983950661,67385.01294143512,71495.42278094174,243.28417274792446
55,0.002798127798127798,100.51317108385227,-0.0007372995211104781,0.15658555081532527,0.11624949124949124,3.38339294129009,3.38,3.42,3.4,0.040000000000000036,0.5543816923746201,0.052421412753708554,13.544669494088092,-13.8633029253207,6.084413387821239,-16,887.0107077993921,0.0,0.0,6062.400000000003,-89547.80068619938,-83485.40068619937,-5413.428706064144,89156.25902624919,94569.68773231332,257.42963398566644
56,0.0028490028490028487,100.41253585167384,-0.0010017159290207948,0.15844376655753592,0.1161986161986162,3.327162997340352,3.33,3.37,3.35,0.040000000000000036,0.5490977649708659,0.05257669763249394,13.551669808691216,-13.86493858435789,6.020149911257666,-12,658.9173179650392,0.0,0.0,4730.320000000003,-66645.51017371181,-61915.1901737118,-3992.5955968084227,66163.55881345326,70156.15441026168,255.77304293304041
57,0.0028998778998778996,100.36927277129377,-0.0004309462231297949,0.15451538584708627,0.11614774114774114,3.3027511692971956,3.3000000000000003,3.34,3.3200000000000003,0.03999999999999959,0.546820174438498,0.0526473505807815,13.552253742023066,-13.866551984683362,5.991038945308084,-12,658.9173179650392,2.7331086388415997,2.7331086388415997,4730.320000000003,-66645.51017371181,-61915.1901737118,-3963.3014031566345,66135.05202056232,70098.35342371895,256.5604436938884
58,0.002950752950752951,100.6050807455426,0.002346648498516693,0.15991535350066433,0.11609686609686609,3.4324507996199713,3.43,3.47,3.45,0.040000000000000036,0.5591964992304481,0.05231674461945593,13.52457783929358,-13.870841233716899,6.132881751971292,-16,894.714398768717,0.0,0.0,6118.240000000003,-90369.08064674675,-84250.84064674674,-5491.921279391954,90012.81433232638,95504.73561171834,270.05240618767857
59,0.0030016280016280017,100.46856700307836,-0.0013578483801084706,0.16351933683260902,0.11604599104599105,3.3558951396627776,3.36,3.4,3.38,0.040000000000000036,0.5520399103964294,0.052532256239749685,13.537525647055409,-13.874356426062132,6.046781020579961,-13,717.6518835153582,0.0,0.0,5110.180000000004,-72580.75293013996,-67470.57293013996,-4362.663681561611,72101.45634384816,76464.12002540976,268.21973214659374
60,0.0030525030525030525,100.62141698448067,0.0015202150580387898,0.166054396978914,0.11599511599511599,3.4401813377307775,3.44,3.48,3.46,0.040000000000000036,0.5600534090208136,0.05231413711990156,13.516439615614932,-13.876116830253903,6.137671178472014,-7,392.0373863145695,0.0,0.0,3046.060000000004,-39818.59902071234,-36772.539020712335,-2408.126936411544,39447.357321864234,41855.48425827578,266.6913647403562
61,0.0031033781033781033,100.35613320151586,-0.0026399360206017415,0.17569691770254978,0.11594424094424094,3.2927478264089842,3.2800000000000002,3.3200000000000003,3.3000000000000003,0.040000000000000036,0.5461209965021222,0.05271128962260316,13.5413930105806,-13.877428391834725,5.972733499273461,-7,392.0373863145695,9.752688763083995,9.752688763083995,3046.060000000004,-39818.59902071234,-36772.539020712335,-2304.923478486289,39343.35616095907,41648.279639445354,265.8936617604486
62,0.003154253154253154,100.30349076210003,-0.0005246939028760691,0.1714984940381115,0.1158933658933659,3.263365779551741,3.25,3.29,3.27,0.040000000000000036,0.5433418815843489,0.052792096244057465,13.541982848225881,-13.878065457486779,5.937880232587535,-14,760.6786342180885,0.0,0.0,5348.920000000004,-76796.45182453217,-71447.53182453217,-4568.7120913724375,76298.72236022091,80867.43445159335,282.478444316308
63,0.003205128205128205,100.3291912125849,0.00025619405943715497,0.17136554517553118,0.11584249084249083,3.2766411637809654,3.2800000000000002,3.3200000000000003,3.3000000000000003,0.040000000000000036,0.5446961007891815,0.052770230626382066,13.53736637206429,-13.882057803695886,5.951092653624863,-14,760.6786342180885,-1.8959068867656015,-1.8959068867656015,5348.920000000004,-76796.45182453217,-71447.53182453217,-4587.297629293352,76318.27214379453,80905.56977308787,283.4426899690152
64,0.003256003256003256,100.42160654978872,0.0009206971505183374,0.17137581565427,0.11579161579161579,3.326498136504611,3.33,3.37,3.35,0.040000000000000036,0.5495660900367563,0.052656538075194076,13.527153799204129,-13.887794604281721,6.005162954970478,-14,760.6786342180885,-8.713891833370212,-8.713891833370212,5348.920000000004,-76796.45182453217,-71447.53182453217,-4657.097391106456,76388.57051627953,81045.66790738599,283.94130064091587
65,0.0033068783068783067,100.5338253139154,0.0011168523761788344,0.17197005153589065,0.11574074074074073,3.3877943221001914,3.39,3.43,3.41,0.040000000000000036,0.5554663799091925,0.05250579553371701,13.512652145521692,-13.891531912772688,6.071222880028186,-10,555.4663799091925,0.0,0.0,3992.840000000004,-56166.71043621318,-52173.870436213176,-3387.7943221001915,55843.16000554372,59230.954327643914,281.49524723035574
66,0.0033577533577533575,100.65913986131349,0.0012457151620010399,0.173014036256814,0.11568986568986568,3.457107425548145,3.45,3.49,3.47,0.040000000000000036,0.5620357770917894,0.05232304664497826,13.493277488125884,-13.891988940809865,6.1450905516772885,-6,337.22146625507366,0.0,0.0,2612.760000000004,-34199.46356594733,-31586.703565947326,-2074.264455328887,33944.422736006665,36018.68719133555,283.4547147304547
67,0.0034086284086284084,100.604153569863,-0.000546411537654106,0.17357586699735866,0.11563899063899064,3.4255754026777296,3.42,3.46,3.44,0.040000000000000036,0.5591573816551834,0.05242147392402468,13.49795648759048,-13.896305128009352,6.108974248973914,-6,337.22146625507366,1.7270372619636305,1.7270372619636305,2612.760000000004,-34199.46356594733,-31586.703565947326,-2055.345241606638,33925.8801781798,35981.22541978644,283.8313706258414
68,0.003459503459503459,100.53127081673824,-0.0007247132775036237,0.17434363053056023,0.11558811558811558,3.3842547074667735,3.37,3.41,3.39,0.040000000000000036,0.5553328981232882,0.05254425716641566,13.504032238296391,-13.90006019409196,6.061910909193134,-12,666.3994777479459,0.0,0.0,4658.640000000004,-67293.80202044366,-62635.162020443655,-4061.1056489601283,66993.98636961168,71055.09201857181,297.71870020790084
69,0.00351037851037851,100.66679073722649,0.0013471296883899116,0.176067430943066,0.11553724053724053,3.459288147422839,3.46,3.5,3.48,0.040000000000000036,0.5624413867221888,0.05234517506876774,13.483224794682425,-13.9002250672013,6.14194598479751,-9,506.19724804996997,0.0,0.0,3620.580000000004,-51167.56404001707,-47546.984040017065,-3113.3593326805553,50957.252441206256,54070.61177388681,296.90906850863394
70,0.003561253561253561,100.63665674716282,-0.0002993887155474541,0.15996801511908676,0.11548636548636548,3.441656022373188,3.44,3.48,3.46,0.040000000000000036,0.560864730236398,0.05240489545897113,13.48458716011086,-13.90401807112444,6.120996253935653,-9,506.19724804996997,1.4189908372117088,1.4189908372117088,3620.580000000004,-51167.56404001707,-47546.984040017065,-3097.490420135869,50941.99869836326,54039.48911849913,297.52423821033153
71,0.003612128612128612,100.435485297628,-0.0020009884473549946,0.16584580038269334,0.11543549043549042,3.3291810618106723,3.3200000000000003,3.36,3.34,0.03999999999999959,0.5502905306402885,0.0527183034767277,13.505100606993631,-13.907978642125082,5.995663437536774,-7,385.203371448202,0.0,0.0,2956.540000000004,-39016.09292941291,-36059.55292941291,-2330.4267432674706,38688.087549682634,41018.5142929501,298.10787700225774
72,0.003663003663003663,100.25711604155033,-0.001777537406487424,0.1697465077689969,0.11538461538461538,3.2311587809745177,3.22,3.2600000000000002,3.24,0.040000000000000036,0.5408626115363431,0.052967813891173714,13.514906700400658,-13.904094390909172,5.88394232611853,-7,385.203371448202,6.599543372761843,6.599543372761843,2956.540000000004,-39016.09292941291,-36059.55292941291,-2261.8111466821624,38619.37911087881,40881.19025756097,298.0150347837334
73,0.003713878713878714,100.11265045652384,-0.0014419901024404667,0.17042865291926731,0.11533374033374033,3.152869194668064,3.14,3.18,3.16,0.040000000000000036,0.5331932960136252,0.053151251519316475,13.516693663371495,-13.896129249679548,5.79281297778854,-15,799.7899440204378,0.0,0.0,5500.380000000005,-80523.5288213366,-75023.1488213366,-4729.303792002096,80069.09110436086,84798.39489636297,316.6384910221677
74,0.0037647537647537647,100.19086323939388,0.0007809427343724087,0.16992702048348451,0.11528286528286527,3.194026836995455,3.2,3.24,3.22,0.040000000000000036,0.5373431547896199,0.053072392889819145,13.511773269468376,-13.905449933781487,5.838252588611876,-15,799.7899440204378,-6.224788163992116,-6.224788163992116,5500.380000000005,-80523.5288213366,-75023.1488213366,-4791.0402554931825,80131.64490159418,84922.68515708736,317.45582476440177
75,0.0038156288156288155,100.21333823472163,0.00022429664903878327,0.1649943237600065,0.11523199023199023,3.2054094293007154,3.21,3.25,3.23,0.040000000000000036,0.5385321762279677,0.053057070959765244,13.507969555206218,-13.90990801729491,5.849486685206283,-11,592.3853938507644,0.0,0.0,4216.300000000005,-59739.86571887971,-55523.565718879705,-3525.950372230787,59364.91783927545,62890.86821150623,315.4017481649571
76,0.0038665038665038664,100.32205903955627,0.001084305483864678,0.16692232012918143,0.11518111518111518,3.2635643396115697,3.2600000000000002,3.3000000000000003,3.2800000000000002,0.040000000000000036,0.5442910075011781,0.05293132489275004,13.499248711339893,-13.91883762694943,5.913494082475699,-5,272.14550375058906,0.0,0.0,2260.180000000005,-27614.346913686975,-25354.16691368697,-1631.7821698057849,27302.197294616377,28933.979464422162,316.2482111236204
77,0.003917378917378918,100.25490225484077,-0.0006696361016896793,0.16494049184729961,0.11513024013024012,3.226422911862727,3.21,3.25,3.23,0.040000000000000036,0.5407304053286865,0.053029277225333564,13.500163708295517,-13.918281138630107,5.869852088908437,-13,702.9495269272925,0.0,0.0,4860.020000000005,-70806.72165902128,-65946.70165902127,-4194.349785421545,70474.13611218227,74668.48589760381,333.0846677394584
78,0.003968253968253968,100.27992724489592,0.0002495824814814607,0.16232010240387335,0.11507936507936507,3.239263049091413,3.24,3.2800000000000002,3.2600000000000002,0.040000000000000036,0.5420543749925003,0.05300937323676367,13.495868179802327,-13.922546685590424,5.882616654365426,-13,702.9495269272925,-1.7211605629578344,-1.7211605629578344,4860.020000000005,-70806.72165902128,-65946.70165902127,-4211.041963818837,70491.7274171029,74702.76938092173,333.9837942627928
79,0.004019129019129019,100.37849798554761,0.0009824730605491367,0.1621991423764755,0.11502849002849003,3.2922424760339553,3.29,3.33,3.31,0.040000000000000036,0.5472716676785997,0.05289087799431903,13.48622067509148,-13.929509552176366,5.940308818210631,-6,328.3630006071598,0.0,0.0,2556.880000000005,-33208.16880302644,-30651.288803026437,-1975.3454856203732,32960.58479497416,34935.93028059453,333.95050632735
80,0.00407000407000407,100.32986442365348,-0.0004846191983453139,0.16046231060775495,0.11497761497761497,3.264980631780084,3.25,3.29,3.27,0.040000000000000036,0.5446956942659771,0.05296798157879585,13.4868289997643,-13.930642011818096,5.908040182586763,-6,328.3630006071598,1.5455840475735272,1.5455840475735272,2556.880000000005,-33208.16880302644,-30651.288803026437,-1958.9883790680503,32944.61533266039,34903.603711728436,334.33815056590174
81,0.004120879120879121,100.40188398732519,0.0007175702631206423,0.16011457776755947,0.11492673992673992,3.30363774613339,3.29,3.33,3.31,0.040000000000000036,0.548505682408133,0.05288213155684012,13.478341159092345,-13.93589186498102,5.949454625684318,-10,548.505682408133,0.0,0.0,3888.800000000005,-55312.01393886634,-51423.213938866335,-3303.63774613339,55071.00389153,58374.64163766339,344.1522065302779
82,0.004171754171754171,100.29773266359513,-0.001037882730593164,0.16009587508206402,0.11487586487586487,3.246088361688713,3.24,3.2800000000000002,3.2600000000000002,0.040000000000000036,0.5429881022624015,0.05303355357734312,13.482934798758082,-13.934944211055079,5.883297018924496,-6,325.79286135744087,0.0,0.0,2592.7200000000053,-32975.53983191824,-30382.819831918237,-1947.6530170132278,32676.285312136315,34623.93832914954,345.81246320484934
83,0.004222629222629223,100.24068990337463,-0.0005688960851373959,0.16033317785080337,0.11482498982498981,3.214492289895219,3.2,3.24,3.22,0.040000000000000036,0.5399576929287938,0.053117720226900596,13.48300257989503,-13.93466646132646,5.845882542399217,-10,539.9576929287938,0.0,0.0,3888.6400000000053,-54444.643703194175,-50556.00370319417,-3214.492289895219,54125.731657816796,57340.22394771202,355.2356647274064
84,0.004273504273504273,100.18074236393738,-0.000598214876990054,0.16074130950551307,0.11477411477411477,3.18150985370373,3.18,3.22,3.2,0.040000000000000036,0.5367673559613589,0.05320243449661071,13.482382048818101,-13.933417174290437,5.806679829382058,-10,539.9576929287938,3.1903369674348596,3.1903369674348596,3888.6400000000053,-54444.643703194175,-50556.00370319417,-3181.50985370373,54093.3625227255,57274.87237642924,355.8489658276012
85,0.004324379324379324,99.99301006967646,-0.001875693961060831,0.16554229873130488,0.11472323972323972,3.0809720643546186,3.08,3.12,3.1,0.040000000000000036,0.5267535208411206,0.05342124697303269,13.481163904614316,-13.917948483382055,5.68920554035827,-7,368.7274645887844,0.0,0.0,2964.5800000000054,-37323.67384785596,-34359.093847855955,-2156.680445048233,36870.16907959259,39026.84952464082,354.39478668840457
86,0.004375254375254375,100.06952952885754,0.0007649554290967743,0.16329040949680076,0.11467236467236466,3.120726697741695,3.11,3.15,3.13,0.040000000000000036,0.5308330642444692,0.053352708440782715,13.478502273276245,-13.92930585968559,5.733559555719249,-7,368.7274645887844,-2.855680382344019,-2.855680382344019,2964.5800000000054,-37323.67384785596,-34359.093847855955,-2184.5086884191865,36898.38390576814,39082.892594187324,354.78136949300097
87,0.004426129426129426,99.99592775965459,-0.0007357769154255945,0.16346428340025068,0.11462148962148962,3.0810927137847557,3.0700000000000003,3.11,3.09,0.03999999999999959,0.526897272388364,0.05344209466526654,13.47524994168436,-13.924063383274333,5.685969649483146,-7,368.7274645887844,-0.1006260830703809,-0.1006260830703809,2964.5800000000054,-37323.67384785596,-34359.093847855955,-2156.764899649329,36871.24491202068,39028.00981167001,355.38616451539565
88,0.004477004477004476,99.99796864265748,2.0409452885859224e-05,0.1610903635620585,0.11457061457061457,3.0814596875883424,3.0700000000000003,3.11,3.09,0.03999999999999959,0.5270003062141473,0.05345193248489414,13.472298302799208,-13.927192147758202,5.6847075151890865,-7,368.7274645887844,-0.17274976111866636,-0.17274976111866636,2964.5800000000054,-37323.67384785596,-34359.093847855955,-2157.0217813118397,36871.99744163586,39029.019222947696,355.88181246806926
89,0.004527879527879528,100.07351422461251,0.0007551859411711042,0.1623450068843784,0.11451973951973951,3.1207156445635036,3.11,3.15,3.13,0.040000000000000036,0.5310302496841712,0.05338406937663527,13.469547633114223,-13.938373247182138,5.728431697681981,-3,159.30907490525138,0.0,0.0,1720.5000000000055,-16367.487510675412,-14646.987510675406,-936.214693369051,15942.618973640534,16878.833667009585,359.41676959607685
90,0.004578754578754579,100.14373996312526,0.0007014953998597499,0.16292675840621712,0.11446886446886446,3.157429687739622,3.14,3.18,3.16,0.040000000000000036,0.5347721419698743,0.05331703989746221,13.465537643793512,-13.947776106924112,5.768847600413802,-3,159.30907490525138,-1.1225676857109192,-1.1225676857109192,1720.5000000000055,-16367.487510675412,-14646.987510675406,-947.2289063218866,15953.806571077537,16901.035477399422,359.59015408024425
91,0.004629629629629629,100.24843669677693,0.001044918468603703,0.16312654061634402,0.11441798941798942,3.213000520908004,3.2,3.24,3.22,0.040000000000000036,0.5403446918268345,0.0532027680273636,13.458803076275418,-13.958236327364801,5.830249900396268,-5,270.1723459134173,0.0,0.0,2368.4600000000055,-27481.91280981544,-25113.452809815433,-1606.500260454002,27084.355316520934,28690.855576974936,364.4022462514986
92,0.004680504680504681,100.23302584103237,-0.00015373846120087984,0.1555896250236336,0.11436711436711436,3.203969514095043,3.19,3.23,3.21,0.040000000000000036,0.5395214062058231,0.05323385102347131,13.456540141590436,-13.960179308681624,5.818300400323345,-5,270.1723459134173,0.41164281050572527,0.41164281050572527,2368.4600000000055,-27481.91280981544,-25113.452809815433,-1601.9847570475215,27080.191729471895,28682.176486519416,364.75416260894053
93,0.004731379731379731,100.16655019731392,-0.0006634310059015061,0.1558471337043038,0.11431623931623931,3.1675121046499726,3.16,3.2,3.18,0.040000000000000036,0.5359759303787953,0.05332612570956864,13.45600299706945,-13.95833152275586,5.775181856656297,-1,53.597593037879534,0.0,0.0,1104.3800000000056,-5789.451631729797,-4685.071631729791,-316.75121046499726,5368.685993483964,5685.437203948961,366.86315128917613
94,0.004782254782254782,100.15410136340736,-0.00012428907180200922,0.15517186562039506,0.11426536426536425,3.160133808234221,3.14,3.18,3.16,0.040000000000000036,0.5353078151443044,0.05335265024662085,13.453360007827746,-13.960227914087746,5.765046348484526,-10,535.3078151443044,0.0,0.0,3966.2000000000057,-54037.118307086785,-50070.91830708678,-3160.133808234221,53613.273178586795,56773.40698682101,382.22106326579524
95,0.004833129833129833,99.88934981987725,-0.0026469419172829444,0.1642902488223512,0.1142144892144892,3.01957471600776,3.0100000000000002,3.0500000000000003,3.0300000000000002,0.040000000000000036,0.5211372345085284,0.05364107180432929,13.44868130682211,-13.933157657971893,5.600677064988844,-10,535.3078151443044,14.170580635775991,14.170580635775991,3966.2000000000057,-54037.118307086785,-50070.91830708678,-3019.5747160077603,53471.54960826361,56491.12432427137,381.0565851690699
96,0.004884004884004884,99.66285931872103,-0.0022699883843913617,0.1710581822871363,0.11416361416361416,2.902212646240393,2.9,2.94,2.92,0.040000000000000036,0.5089562228095642,0.053836984605308044,13.430673851434447,-13.897285671416588,5.45951178276688,-4,203.58248912382567,-2.842170943040401e-14,-2.842170943040401e-14,2226.0800000000063,-20978.07684217592,-18751.996842175915,-1160.8850584961574,20289.612973302894,21450.498031799052,376.73107263082056
97,0.004934879934879934,99.4562970470449,-0.0020747611585358477,0.16598623038796684,0.1141127391127391,2.797526248571536,2.7800000000000002,2.82,2.8,0.03999999999999959,0.49780939332689433,0.05397361253296285,13.403026277737082,-13.85422263950714,5.330520156040149,-4,203.58248912382567,4.458731793067926,4.458731793067926,2226.0800000000063,-20978.07684217592,-18751.996842175915,-1119.0104994286144,20247.560511875992,21366.571011304608,376.55317027146157
98,0.004985754985754986,99.30086257988833,-0.001564064400345518,0.16673247281305173,0.11406186406186405,2.7200989898676653,2.71,2.75,2.73,0.040000000000000036,0.48940014653046954,0.054051879313770736,13.374574864558294,-13.815847209968826,5.232902563076804,0,0.0,0.0,0.0,1142.0000000000064,-763.1708618581033,378.82913814190306,0.0,0.0,0.0,378.82913814190306
99,0.005036630036630036,99.36325552087177,0.0006281249339968406,0.16285323073597638,0.11401098901098901,2.7500354664848743,2.73,2.77,2.75,0.040000000000000036,0.4927581948832708,0.05404016363288609,13.382512992951307,-13.835946970987603,5.268678442062531,-4,197.10327795330832,0.0,0.0,2249.9200000000064,-20348.973474302653,-18099.053474302647,-1100.0141865939497,19584.823371275987,20684.837557869938,385.7557103793879
100,0.005087505087505087,99.22225353102954,-0.0014200634699936027,0.15603448234640327,0.11396011396011395,2.680391030655322,2.67,2.71,2.69,0.040000000000000036,0.48511941293426336,0.054100291415572835,13.353445342618615,-13.798498124009265,5.179971550123346,-4,197.10327795330832,3.0555127796029637,3.0555127796029637,2249.9200000000064,-20348.973474302653,-18099.053474302647,-1072.156412262129,19557.03141688014,20629.18782914227,385.82153031536654
101,0.005138380138380138,99.16347139660755,-0.0005926044947410747,0.15609444992285096,0.1139092389092389,2.6512670062864103,2.64,2.68,2.66,0.040000000000000036,0.4819227475634614,0.05412650963280559,13.338134624903304,-13.783141930134503,5.141619915013791,-7,337.34592329442296,0.0,0.0,3053.8600000000065,-34256.61637154834,-31202.756371548334,-1855.8869044004873,33452.39281536867,35308.27971976916,393.7495394198486
102,0.005189255189255189,99.36592544037812,0.002039537893887504,0.16426123129575187,0.11385836385836386,2.749238805581392,2.74,2.7800000000000002,2.7600000000000002,0.040000000000000036,0.4928614733389112,0.054075170802415855,13.373974253006537,-13.845252997209194,5.263034281831385,-10,492.86147333891125,0.0,0.0,3887.8000000000065,-49710.33556941588,-45822.53556941588,-2749.2388055813917,48973.63641222916,51722.87521781056,401.862037231891
103,0.00524013024013024,99.31047073802677,-0.000558241490767093,0.16216345671997526,0.1138074888074888,2.7212868035742446,2.71,2.75,2.73,0.040000000000000036,0.48984779524088223,0.05410859677547216,13.361335639982125,-13.832839764375368,5.226691813095087,-10,492.86147333891125,3.013678098029004,3.013678098029004,3887.8000000000065,-49710.33556941588,-45822.53556941588,-2721.2868035742445,48946.304925924705,51667.59172949895,402.4825529345835
104,0.005291005291005291,99.4255492899735,0.0011581047541611737,0.16235049499238732,0.11375661375661375,2.777310571037553,2.77,2.81,2.79,0.040000000000000036,0.4960589448998999,0.05407292541174091,13.377507422316354,-13.866611022672936,5.29464488823044,-10,492.86147333891125,-3.1974715609886175,-3.1974715609886175,3887.8000000000065,-49710.33556941588,-45822.53556941588,-2777.310571037553,49003.02271058688,51780.33328162444,403.1765701334516
105,0.005341880341880342,99.28007511262385,-0.0014642182754272246,0.16052949653847542,0.1137057387057387,2.7050156704485104,2.7,2.74,2.72,0.040000000000000036,0.48817351946788573,0.05414311155261999,13.349729614573317,-13.829871623045644,5.2032755750436905,-3,146.45205584036574,2.842170943040401e-14,2.842170943040401e-14,1997.6600000000062,-15320.50215808946,-13322.842158089454,-811.5047011345531,14539.771104229692,15351.275805364245,405.4242450056863
106,0.005392755392755392,99.24815510658718,-0.0003215664218288313,0.16046924125033077,0.11365486365486364,2.6887575616685595,2.67,2.71,2.69,0.040000000000000036,0.4864299889341004,0.054165105015858944,13.340594412079966,-13.823363809960078,5.181357187189648,8,-389.14399114728036,-5.684341886080802e-14,-5.684341886080802e-14,-939.5599999999931,37833.7595418381,36894.19954183811,2151.0060493348474,-38621.82319218167,40772.82924151652,423.3823989912926
107,0.005443630443630444,99.1003894519171,-0.0014899598314206345,0.16230769831917133,0.1136039886039886,2.616770423920947,2.59,2.63,2.61,0.040000000000000036,0.4784066511702016,0.05420987932035048,13.305935788845222,-13.779686747047078,5.088721970254729,-1,47.84066511702014,-2.1316282072803006e-14,-2.1316282072803006e-14,1427.260000000007,-5473.755345947218,-4046.4953459472113,-261.6770423920947,4741.028544735441,5002.705587127535,432.8561563961348
108,0.005494505494505494,99.04776101026978,-0.0005312029687091206,0.1574483369661229,0.11355311355311355,2.590967497074999,2.57,2.61,2.59,0.040000000000000036,0.47553594277301786,0.05422825229948587,13.290357429167116,-13.764693916286408,5.054226704576946,-1,47.84066511702014,0.28707083971835345,0.28707083971835345,1427.260000000007,-5473.755345947218,-4046.4953459472113,-259.0967497074999,4738.5107650829605,4997.60751479046,432.9186694282489
109,0.005545380545380545,99.17853143824851,0.0013194056684835405,0.16218988051116048,0.11350223850223849,2.652914620047447,2.63,2.67,2.65,0.040000000000000036,0.4826102310434593,0.05421939207341058,13.317328051278988,-13.81064018809319,5.131624542843206,-5,241.30511552172968,0.0,0.0,2495.180000000007,-24662.234798598005,-22167.054798597997,-1326.4573100237235,23932.286985982057,25258.74429600578,438.77487736033436
110,0.005596255596255596,98.91015239013694,-0.0027096874706525466,0.16658745411438625,0.11345136345136345,2.5246473278584602,2.5100000000000002,2.5500000000000003,2.5300000000000002,0.040000000000000036,0.4680347935088549,0.05425560088648859,13.248256260239058,-13.720599014107258,4.965623844680235,-5,241.30511552172968,7.287718767302209,7.287718767302209,2495.180000000007,-24662.234798598005,-22167.054798597997,-1262.3236639292302,23867.52574877388,25129.84941270311,438.1472862466544
111,0.005647130647130647,98.97768125449483,0.0006824963994548172,0.16515551374753873,0.1134004884004884,2.555677515694498,2.54,2.58,2.56,0.040000000000000036,0.47168024838303557,0.05426834332211664,13.26351767524339,-13.748393453266035,5.004379402283622,-5,241.30511552172968,5.4649913302118875,5.4649913302118875,2495.180000000007,-24662.234798598005,-22167.054798597997,-1277.8387578472489,23883.820809188812,25161.659567036062,438.92725274356417
112,0.005698005698005697,99.01469155178559,0.0003738557924959931,0.16385357553892604,0.11334961334961334,2.5724715133091607,2.56,2.6,2.58,0.040000000000000036,0.473670731217819,0.054278835482375526,13.270048900077512,-13.764461266092454,5.024549173439128,-5,241.30511552172968,4.469749912820163,4.469749912820163,2495.180000000007,-24662.234798598005,-22167.054798597997,-1286.2357566545804,23892.75158325205,25178.98733990663,439.461027999474
113,0.005748880748880749,98.9224993985636,-0.0009315294356357441,0.16260855978426067,0.1132987382987383,2.5283348318892322,2.5100000000000002,2.5500000000000003,2.5300000000000002,0.040000000000000036,0.4686474313567211,0.054291999865810944,13.242615069556853,-13.733679818078524,4.966046896794402,-5,241.30511552172968,6.981399843369132,6.981399843369132,2495.180000000007,-24662.234798598005,-22167.054798597997,-1264.167415944616,23870.505145068626,25134.67256101324,439.28293052601293
114,0.005799755799755799,98.6983644827424,-0.0022683334899284836,0.16778621950734565,0.11324786324786325,2.423963936817813,2.41,2.45,2.43,0.040000000000000036,0.4564596804159758,0.05427071811642566,13.171589214019173,-13.646395175634236,4.827514056720891,-11,502.10564845757347,5.684341886080802e-14,5.684341886080802e-14,3965.060000000007,-50404.10788489623,-46439.04788489622,-2666.3603304995945,49557.00630030932,52223.36663080891,451.5980849135012
115,0.00585063085063085,98.70961561413104,0.00011398861783841587,0.1647610819103776,0.11319698819698819,2.4284084838268853,2.42,2.46,2.44,0.040000000000000036,0.4570486454971795,0.054285480561944745,13.17225594960435,-13.653969673500503,4.832004475839623,-7,319.93405184802566,0.0,0.0,2996.9800000000073,-32422.918712169085,-29425.938712169078,-1699.8859386788197,31580.567279790084,33280.4532184689,454.74262894218555
116,0.005901505901505902,98.62771371743855,-0.0008300700295530764,0.16492838363230428,0.11314611314611314,2.390464476965697,2.38,2.42,2.4,0.040000000000000036,0.4525808575044196,0.054273291341849036,13.14154455158893,-13.621064993685431,4.7800330135655305,-13,588.3551147557455,0.0,0.0,4448.860000000008,-58897.99814814965,-54449.13814814964,-3107.603820055406,58028.119822320376,61135.72364237578,471.3778541153297
117,0.005952380952380952,98.66380984416682,0.0003659166544959112,0.1651929994124048,0.11309523809523808,2.406142400227992,2.4,2.44,2.42,0.040000000000000036,0.454517897998806,0.05429660411033573,13.15089866247344,-13.63974583183231,4.799572476876403,-13,588.3551147557455,-2.518152642702262,-2.518152642702262,4448.860000000008,-58897.99814814965,-54449.13814814964,-3127.9851202963896,58049.35716310382,61177.34228340021,472.23389465778746
118,0.006003256003256003,98.66727240878518,3.509396065947924e-05,0.1623880129806332,0.11304436304436304,2.407022453270443,2.4,2.44,2.42,0.040000000000000036,0.4546837084431548,0.05430950583305659,13.149029152854107,-13.644024261929765,4.799341261886697,-13,588.3551147557455,-2.7337062203557707,-2.7337062203557707,4448.860000000008,-58897.99814814965,-54449.13814814964,-3129.129189251576,58051.39438070721,61180.52356995878,473.1270433059908
119,0.006054131054131054,98.91566334925167,0.00251429679762253,0.17540502220378165,0.11299348799348799,2.520938399430719,2.52,2.56,2.54,0.040000000000000036,0.46816100516866654,0.05436377010516708,13.222567683865101,-13.748018231456713,4.9477043872598445,-13,608.6093067192664,0.0,0.0,4448.860000000008,-60901.55515466609,-56452.695154666086,-3277.2199192599346,60200.99329466441,63478.21321392435,471.07822073838906
120,0.006105006105006105,98.8785976678688,-0.0003747902656644258,0.17362623676674718,0.11294261294261293,2.5029242553411564,2.5,2.54,2.52,0.040000000000000036,0.46612631863043286,0.05437344822830005,13.209062177257408,-13.736652406626229,4.922828819524183,-5,233.0631593152164,0.0,0.0,2448.700000000008,-23769.93541360362,-21321.235413603612,-1251.4621276705782,23044.958361131692,24296.42048880227,472.2608198575035
121,0.006155881155881155,98.71999947174162,-0.0016052566412920128,0.17517825587114133,0.11289173789173788,2.4289855701508287,2.41,2.45,2.43,0.040000000000000036,0.4574828961627747,0.054359491863512785,13.157413293776768,-13.675058798432454,4.824284560564817,-10,457.48289616277475,0.0,0.0,3673.600000000008,-45925.75945245812,-42252.159452458116,-2428.9855701508286,45162.711267519946,47591.696837670774,481.5662449110023
122,0.006206756206756207,98.74785439420722,0.00028212108558456865,0.1758109946216503,0.11284086284086284,2.441053422594983,2.43,2.47,2.45,0.040000000000000036,0.4589758826009085,0.05437786737222412,13.163354770508953,-13.689592938866417,4.838822720294251,-15,688.4638239013627,0.0,0.0,4908.500000000008,-68735.77091617812,-63827.27091617812,-3661.580133892475,67984.32543829089,71645.90557218337,495.4743882203038
123,0.006257631257631257,98.78202904752287,0.00034602008628934817,0.17649454231684775,0.11278998778998778,2.4560732691873994,2.45,2.49,2.47,0.040000000000000036,0.46081346055710204,0.05439666638170444,13.171080408915412,-13.706559160468704,4.857189768565743,-20,921.6269211142042,0.0,0.0,6153.400000000009,-91769.24637405951,-85615.8463740595,-4912.146538374799,91040.17729248239,95952.32383085719,512.1843800480856
124,0.006308506308506308,98.99301788949634,0.0021336253008907317,0.18156923079700743,0.11273911273911273,2.5538092033227073,2.56,2.6,2.58,0.040000000000000036,0.47227465994907547,0.05442457342810751,13.228221422553666,-13.790789865984244,4.982852849085397,-13,613.9570579337981,0.0,0.0,4361.260000000008,-61313.600962596174,-56952.340962596165,-3319.9519643195194,60777.462019423016,64097.41398374253,505.1690925073344
125,0.006359381359381359,99.12290770049684,0.0013112507661815114,0.183564073298476,0.11268823768823769,2.6149079914235287,2.61,2.65,2.63,0.040000000000000036,0.4793264262482694,0.054423993452375745,13.256831619598206,-13.838529291227507,5.059399993484117,-13,613.9570579337981,-9.16729618895215,-9.16729618895215,4361.260000000008,-61313.600962596174,-56952.340962596165,-3399.380388850587,60857.208785640454,64256.58917449104,505.48743419370294
126,0.00641025641025641,99.17851159329992,0.0005608017780043814,0.18407340782394294,0.11263736263736263,2.6409395112236496,2.64,2.68,2.66,0.040000000000000036,0.48233620975461466,0.054425519768845826,13.266089164517552,-13.859397497373486,5.090808687504127,-13,613.9570579337981,-13.080014747200948,-13.080014747200948,4361.260000000008,-61313.600962596174,-56952.340962596165,-3433.2213645907445,60891.3471880755,64324.56855266625,505.78486088859063
127,0.0064611314611314604,99.40658666250759,0.0022970018545400363,0.1924550310039152,0.11258648758648758,2.751654855749912,2.75,2.79,2.77,0.040000000000000036,0.4947282677426132,0.054361467029437345,13.305476824868103,-13.928357461765886,5.227119686688773,-13,643.1467480653971,0.0,0.0,4361.260000000008,-64215.393506687804,-59854.133506687795,-3577.151312474886,63933.02294827283,67510.17426074772,501.7381291101483
128,0.006512006512006512,99.22140688497885,-0.0018645894556210503,0.195036101715416,0.11253561253561253,2.6602676819130835,2.66,2.7,2.68,0.040000000000000036,0.4846393750275733,0.05443960088139391,13.269004884674663,-13.878559028355207,5.112080202669787,-13,643.1467480653971,13.115560529551772,13.115560529551772,4361.260000000008,-64215.393506687804,-59854.133506687795,-3458.3479864870087,63813.925176547746,67272.27316303476,501.44368337294145
129,0.006562881562881563,99.12192909184576,-0.0010030869046768836,0.19462734981695926,0.11248473748473747,2.611621696186873,2.61,2.65,2.63,0.040000000000000036,0.47920587621308475,0.0544728821895748,13.24451702047168,-13.849715353594265,5.049236176775201,-5,239.60293810654235,0.0,0.0,2273.1000000000085,-24217.352592538737,-21944.252592538727,-1305.8108480934366,23749.905441194598,25055.716289288033,499.8420005624357
130,0.006613756613756613,98.97799283789858,-0.0014531684603826354,0.19402309262212977,0.11243386243386243,2.542508806733977,2.5300000000000002,2.57,2.55,0.03999999999999959,0.4713454935317787,0.0544976760974009,13.206115143424718,-13.802448033609306,4.95949388423223,4,-188.53819741271144,2.842170943040401e-14,2.842170943040401e-14,-4.079999999991742,18157.07882498348,18152.99882498349,1017.0035226935909,-18661.13235318566,19678.135875879252,508.86999449141877
131,0.006664631664631665,98.91754750484465,-0.0006108812237912973,0.19408331923246772,0.11238298738298738,2.513416602641705,2.49,2.5300000000000002,2.5100000000000002,0.040000000000000036,0.4680320355796769,0.054508777309470735,13.186707532718161,-13.782757703494891,4.920482824782035,4,-188.53819741271144,-1.3253831808407028,-1.3253831808407028,-4.079999999991742,18157.07882498348,18152.99882498349,1005.3666410566819,-18649.736099049664,19655.102740106344,508.62936699050624
132,0.006715506715506715,98.7041678915495,-0.002159476207247055,0.19823944564081883,0.11233211233211232,2.4140919900098865,2.39,2.43,2.41,0.040000000000000036,0.45638180944879997,0.054487106269985854,13.118716092350683,-13.699014033743746,4.789020655955523,9,-410.74362850392004,0.0,0.0,-1199.1799999999917,40088.58437171543,38889.404371715435,2172.6827910088978,-40542.10806823516,42714.79085924406,519.979094489172
133,0.006766381766381766,98.8026719874621,0.0009974753698678647,0.20056540468248438,0.11228123728123728,2.4586127400884337,2.43,2.47,2.45,0.040000000000000036,0.4617293984007725,0.05452060008463325,13.147036756124288,-13.743155851885286,4.8462250012442185,9,-410.74362850392004,4.812830056775169,4.812830056775169,-1199.1799999999917,40088.58437171543,38889.404371715435,2212.7514660795905,-40582.567998012804,42795.3194640924,519.5878397822235
134,0.006817256817256817,98.76830397629976,-0.00034790546882032064,0.1934512553664403,0.11223036223036223,2.4420776815908454,2.41,2.45,2.43,0.040000000000000036,0.45983456234313097,0.0545263013541882,13.133312476717476,-13.731813236423127,4.823100058226381,6,-275.90073740587854,0.0,0.0,-464.2399999999916,26769.71480451813,26305.47480451814,1465.2466089545073,-27250.24789938907,28715.494508343578,520.4735140835801
135,0.006868131868131868,98.54069153191881,-0.0023071684568690383,0.19364985427884565,0.11217948717948717,2.338131987224564,2.31,2.35,2.33,0.040000000000000036,0.4474070735565222,0.05446520451787065,13.052282991796234,-13.633689188130338,4.683456619569718,11,-492.1477809121744,0.0,0.0,-1619.3399999999915,48077.782556701015,46458.442556701026,2571.9451859470205,-48496.58266698494,51068.52785293196,533.8050756631055
136,0.006919006919006918,98.38385778578053,-0.001592831161379827,0.19164464244864213,0.11212861212861212,2.2679432013863234,2.24,2.2800000000000002,2.2600000000000002,0.040000000000000036,0.4388453647000941,0.05439541789179174,12.988205186310717,-13.55978857129721,4.586885138139686,11,-492.1477809121744,-9.417879742070966,-9.417879742070966,-1619.3399999999915,48077.782556701015,46458.442556701026,2494.737521524956,-48419.39728685084,50914.1348083758,533.7827913751389
137,0.00696988196988197,98.43234996640955,0.0004927661412043407,0.19006130063517127,0.11207773707773708,2.2885965747039663,2.2600000000000002,2.3000000000000003,2.2800000000000002,0.040000000000000036,0.44145857270718886,0.0544352377221189,13.004625958093941,-13.586845725205345,4.613703375750346,11,-492.1477809121744,-6.543350934266641,-6.543350934266641,-1619.3399999999915,48077.782556701015,46458.442556701026,2517.456232174363,-48443.262605939,50960.71883811337,532.6361829363886
138,0.00702075702075702,98.56197047450851,0.0013159823746732142,0.19227332559379465,0.11202686202686202,2.3455816699364433,2.31,2.35,2.33,0.040000000000000036,0.44849505926309974,0.05451014096434239,13.050913522184159,-13.651967504710072,4.689329630255074,14,-627.8930829683396,0.0,0.0,-2312.3999999999915,61456.43804379134,59144.03804379135,3283.8143379110206,-61886.37950467361,65170.19384258463,541.4728770287547
139,0.007071632071632071,98.87135326660261,0.0031340509238111203,0.20422949970380844,0.11197598697598697,2.4862474137325847,2.45,2.49,2.47,0.040000000000000036,0.4653545337178427,0.054602515928652826,13.149256314296624,-13.787697344799652,4.873641186875371,14,-651.4963472049798,0.0,0.0,-2312.3999999999915,63790.00803604333,61477.60803604333,3480.7463792256185,-64414.325496404745,67895.07187563037,544.0289188642055
140,0.007122507122507122,99.32454754244382,0.004573203218029546,0.2290801298952036,0.11192511192511193,2.7020411112236076,2.66,2.7,2.68,0.040000000000000036,0.49007997148288673,0.05455476999800403,13.25244889208332,-13.944005377458044,5.14574922135945,14,-686.1119600760414,0.0,0.0,-2312.3999999999915,67228.01621336161,64915.616213361616,3782.8575557130507,-68147.7599980121,71930.61755372515,550.7137710625684
141,0.007173382173382173,99.38923785235305,0.0006510903314123595,0.2248989207206663,0.11187423687423687,2.7331482856458322,2.69,2.73,2.71,0.040000000000000036,0.49359468701487097,0.05454149014406042,13.260456847538384,-13.964800520642358,5.182557405929371,14,-686.1119600760414,4.920601744777855,4.920601744777855,-2312.3999999999915,67228.01621336161,64915.616213361616,3826.407599904165,-68192.14479334184,72018.552393246,549.8790199239447
142,0.007224257224257224,99.23510856991624,-0.001551967985289092,0.227282416316851,0.11182336182336182,2.657010683799996,2.62,2.66,2.64,0.040000000000000036,0.485168215092263,0.05460790144401142,13.22943847542895,-13.923496987045123,5.0867004565825145,5,-242.58410754613152,0.0,0.0,81.42000000000871,23212.28093704422,23293.70093704423,1328.5053418999978,-24072.860249676596,25401.365591576592,549.3460292676318
143,0.007275132275132275,98.90374358053073,-0.0033447786208415553,0.2374675671003171,0.11177248677248677,2.4985395079508734,2.47,2.5100000000000002,2.49,0.040000000000000036,0.46704470464157233,0.054654010327887435,13.146346938990561,-13.811750928821397,4.883779235380489,5,-242.58410754613152,-9.061755225345365,-9.061755225345365,81.42000000000871,23212.28093704422,23293.70093704423,1249.2697539754367,-23992.47636945448,25241.74612342992,550.4943215651838
144,0.007326007326007326,98.94538029160185,0.00042089356648060297,0.23577424804045027,0.11172161172161171,2.517329534835582,2.49,2.5300000000000002,2.5100000000000002,0.040000000000000036,0.46930123078918184,0.05466821759994904,13.15484791756534,-13.830491052026439,4.906574015076788,12,-563.1614769470183,0.0,0.0,-1661.7199999999914,54930.344682809875,53268.62468280988,3020.7954418026984,-55722.226502102894,58743.021943905595,567.193622509687
145,0.007376882376882376,98.81931975220556,-0.0012748539698111906,0.23723247262890998,0.11167073667073667,2.4579023326966407,2.42,2.46,2.44,0.040000000000000036,0.4623895950784434,0.054668873652571726,13.115531899952517,-13.784009270479233,4.828098025795133,12,-563.1614769470183,-8.293962852886125,-8.293962852886125,-1661.7199999999914,54930.344682809875,53268.62468280988,2949.4827992359687,-55651.23406255174,58600.71686178771,566.8734194941135
146,0.007427757427757428,98.75501227313025,-0.0006509699988559398,0.23545097678668045,0.11161986161986161,2.427580277334485,2.39,2.43,2.41,0.040000000000000036,0.4588528705996503,0.054668764836307567,13.092473904068482,-13.76020072448626,4.786978564057146,5,-229.42643529982513,2.842170943040401e-14,2.842170943040401e-14,39.14000000000874,21970.688648560987,22009.828648560997,1213.7901386672424,-22657.010433814754,23870.800572481996,566.608353413485
147,0.007478632478632478,98.66028339814255,-0.0009596914153594664,0.23606246884082632,0.11156898656898656,2.383660879530346,2.36,2.4,2.38,0.040000000000000036,0.453652676438634,0.05465491678310382,13.058104014539653,-13.721945659385003,4.727606468646363,5,-229.42643529982513,-2.6000970805081067,-2.6000970805081067,39.14000000000874,21970.688648560987,22009.828648560997,1191.8304397651732,-22635.277125706365,23827.10756547154,566.3819626198056
148,0.007529507529507529,98.63856833046484,-0.0002201236101994564,0.233791737291203,0.11151811151811152,2.3731249848181193,2.35,2.39,2.37,0.040000000000000036,0.452443005527485,0.05465972575190873,13.047552584000634,-13.715038547790952,4.712220700384001,-1,45.244300552748484,-1.4210854715202004e-14,-1.4210854715202004e-14,1473.0200000000088,-5123.7941546194925,-3650.774154619484,-237.31249848181193,4462.833031636369,4700.145530118181,574.7463785350733
149,0.00758038258038258,98.8037809137831,0.00167352771591134,0.22954137912452996,0.11146723646723646,2.447919018043507,2.43,2.47,2.45,0.040000000000000036,0.4614565156583623,0.05471506934024939,13.09857336328082,-13.789072226347084,4.80933522785714,-5,230.72825782918116,0.0,0.0,2460.9400000000087,-23451.22675819554,-20990.28675819553,-1223.9595090217535,22796.824237173274,24020.783746195026,582.5779699559898
150,0.007631257631257631,98.82821244031297,0.0002472426274679835,0.22905236657617087,0.11141636141636141,2.4585073351048337,2.44,2.48,2.46,0.040000000000000036,0.4627727061341388,0.054731279345957486,13.102951464752381,-13.801912277478754,4.821709271086355,2,-92.55454122682775,0.0,0.0,752.8000000000088,8496.63691215355,9249.436912153558,491.70146702096673,-9146.999862680637,9638.701329701604,594.1385164938874
151,0.0076821326821326814,98.8036938178586,-0.00024812413182054754,0.22889838399183016,0.11136548636548636,2.4464755006261996,2.42,2.46,2.44,0.040000000000000036,0.4614098753229827,0.05473948480339719,13.09243320426203,-13.794753358392597,4.804588229024729,2,-92.55454122682775,-0.27256616223121455,-0.27256616223121455,752.8000000000088,8496.63691215355,9249.436912153558,489.2951001252399,-9144.73055282786,9634.0256529531,594.0014594509394
152,0.007733007733007733,98.64333407992376,-0.0016243321046732428,0.2307917292535938,0.1113146113146113,2.372489238677602,2.35,2.39,2.37,0.040000000000000036,0.4526119518072683,0.05470980613123137,13.036935481196428,-13.728464196150167,4.705787650470324,-4,181.04478072290735,2.842170943040401e-14,2.842170943040401e-14,2186.680000000009,-18493.461844440746,-16306.781844440737,-948.9956954710408,17858.86078827629,18807.85648374733,603.0832483645136
153,0.007783882783882783,98.38452932834014,-0.002627089346185617,0.2326900742335025,0.11126373626373626,2.2564899789174504,2.24,2.2800000000000002,2.2600000000000002,0.040000000000000036,0.4384413371794564,0.05459740838438799,12.936058568843062,-13.60671758856072,4.548389730801219,1,-43.84413371794565,-1.4210854715202004e-14,-1.4210854715202004e-14,1066.580000000009,3631.021874484013,4697.601874484022,225.64899789174504,-4313.5844596488905,4539.233457540636,609.6664127268768
154,0.007834757834757835,98.30955889448694,-0.0007623049392190824,0.2331401313751626,0.11121286121286121,2.223082904845718,2.2,2.24,2.22,0.040000000000000036,0.43432301270268814,0.05456009758232611,12.901622439462448,-13.570420808367974,4.5013428810140885,4,-173.72920508107526,0.0,0.0,406.5200000000091,16399.327499968607,16805.847499968615,889.2331619382873,-17079.241518610368,17968.474680548654,615.8391432965327
155,0.007885632885632885,98.30134143053611,-8.359113296408021e-05,0.23253936668414923,0.11116198616198615,2.2188254696762826,2.19,2.23,2.21,0.040000000000000036,0.43384763833909523,0.05456620023537657,12.89500692261111,-13.568793851546621,4.494165643662301,8,-347.0781106712762,0.0,0.0,-469.55999999999096,33438.905433502965,32969.345433502975,1775.060375741026,-34118.24386016252,35893.304235903546,626.1619490814846
156,0.007936507936507936,98.57450837370274,0.0027750190664520414,0.24108804540405707,0.1111111111111111,2.338678995722418,2.31,2.35,2.33,0.040000000000000036,0.4487522925484533,0.05473194331912769,13.000207356039876,-13.708142434955748,4.655206402645932,8,-347.0781106712762,11.923723367486446,11.923723367486446,-469.55999999999096,33438.905433502965,32969.345433502975,1870.9431965779345,-34213.05412669464,36083.997323272575,627.234503386273
157,0.007987382987382987,98.59474080772226,0.0002052291031647448,0.24113958182956552,0.11106023606023606,2.3470715965250974,2.32,2.36,2.34,0.040000000000000036,0.4498361762000572,0.05475235329698701,13.004437224008761,-13.720378612679726,4.665019645953021,13,-584.7870290600744,0.0,0.0,-1629.6599999999908,56874.582787270716,55244.92278727073,3051.1930754826267,-57656.92555789598,60708.1186333786,639.1903048573731
158,0.008038258038258039,98.7469807726819,0.001542907338010818,0.23680843524092035,0.111009361009361,2.4154878049155357,2.38,2.42,2.4,0.040000000000000036,0.45815396789066154,0.054813282087045445,13.053162436859866,-13.790992235405797,4.754068384143557,13,-584.7870290600744,10.813129197785656,10.813129197785656,-1629.6599999999908,56874.582787270716,55244.92278727073,3140.1341463901963,-57745.953514708934,60886.08766109913,639.1034189519924
159,0.008089133089133088,98.66972322305381,-0.0007826850718137783,0.23727995200378577,0.11095848595848595,2.379555539933392,2.34,2.38,2.36,0.040000000000000036,0.4538973516260796,0.054803754254552854,13.024508188251529,-13.76012677957263,4.705346667526391,13,-584.7870290600744,5.279528053829154,5.279528053829154,-1629.6599999999908,56874.582787270716,55244.92278727073,3093.4222019134095,-57700.77430178946,60794.19650370287,637.5706873946765
160,0.00814000814000814,98.48650635903903,-0.0018585962730659161,0.23820291356651782,0.1109076109076109,2.2966175899092605,2.2600000000000002,2.3000000000000003,2.2800000000000002,0.040000000000000036,0.4438379557965234,0.054739121133954134,12.95493728745328,-13.67722937776092,4.5932866251496165,21,-932.0597071726992,0.0,0.0,-3437.819999999991,91074.5455248892,87636.7255248892,4822.8969388094465,-91795.3042774681,96618.20121627754,664.31818623055
161,0.00819088319088319,98.33754539137935,-0.0015136462721463536,0.24026860264827998,0.11085673585673585,2.230418011639614,2.19,2.23,2.21,0.040000000000000036,0.4356635502085807,0.0546625721814406,12.891799980823256,-13.604401402746827,4.5020767451376615,15,-653.495325312871,0.0,0.0,-2099.939999999991,63679.83831244954,61579.89831244955,3345.627017459421,-64263.12621600867,67608.75323346809,662.3991139002974
162,0.008241758241758242,98.22577826370235,-0.0011372125546512384,0.24112863837881177,0.1108058608058608,2.1813772710464434,2.15,2.19,2.17,0.040000000000000036,0.4295304631938523,0.054592586592330995,12.840148349464668,-13.546957187660418,4.433296701887115,15,-653.495325312871,-9.199630522092548,-9.199630522092548,-2099.939999999991,63679.83831244954,61579.89831244955,3272.065906569665,-64190.08692054811,67462.15282711777,661.8772984711104
163,0.008292633292633292,98.55447713788952,0.003340773994091414,0.24844074973710997,0.11075498575498575,2.3248189438586238,2.29,2.33,2.31,0.040000000000000036,0.44748740216362526,0.054808147440593626,12.971309015107101,-13.718428590224367,4.627018571465404,15,-671.2311032454378,0.0,0.0,-2099.939999999991,65427.691236211336,63327.75123621135,3487.228415787936,-66152.83041904286,69640.0588348308,662.1492329564207
164,0.008343508343508343,98.42761018390219,-0.0012881066827330032,0.24758016623090132,0.1107041107041107,2.26779365459992,2.23,2.27,2.25,0.040000000000000036,0.4405123330831972,0.054755053286378474,12.919464576750642,-13.659108633146271,4.5489185400364205,10,-440.51233308319723,0.0,0.0,-965.0399999999909,42717.45860971442,41752.41860971443,2267.79365459992,-43358.57620191422,45626.36985651414,661.6360624001245
165,0.008394383394383394,98.55728053383648,0.0013165514186561536,0.2493258469025538,0.11065323565323565,2.324677369571738,2.29,2.33,2.31,0.040000000000000036,0.4475928190911434,0.0548337085886211,12.966173886494023,-13.725405822949769,4.62407187244055,10,-440.51233308319723,7.080486007946149,7.080486007946149,-965.0399999999909,42717.45860971442,41752.41860971443,2324.677369571738,-43415.69759029549,45740.37495986722,661.398388990674
166,0.008445258445258445,98.41781636855113,-0.0014160590935934202,0.24427376796726136,0.11060236060236059,2.262092389162376,2.23,2.27,2.25,0.040000000000000036,0.4399244621752836,0.05477340520356309,12.909346813249458,-13.659726409936715,4.538491833198416,10,-440.51233308319723,-0.5878709079136684,-0.5878709079136684,-965.0399999999909,42717.45860971442,41752.41860971443,2262.092389162376,-43354.26190546413,45616.35429462651,660.249093412669
167,0.008496133496133497,98.56186930653271,0.0014626174589354598,0.24436308009666144,0.11055148555148554,2.3253347781666136,2.29,2.33,2.31,0.040000000000000036,0.4477962665405415,0.05486009324514674,12.9616911348532,-13.73323784766937,4.622191032894137,10,-440.51233308319723,7.28393345734429,7.28393345734429,-965.0399999999909,42717.45860971442,41752.41860971443,2325.3347781666134,-43417.719001261896,45743.05377942851,660.034386619147
168,0.008547008547008546,98.62150391044858,0.0006048644443102879,0.24419720402946168,0.1105006105006105,2.3514363280939676,2.32,2.36,2.34,0.040000000000000036,0.451045194467046,0.05489680604536784,12.98008921916692,-13.76391077671662,4.655536479737887,13,-586.3587528071598,0.0,0.0,-1661.0999999999908,57100.332683183464,55439.23268318347,3056.867226522158,-57827.582032897066,60884.44925941923,668.517876808568
169,0.008597883597883597,98.59734553262587,-0.0002449905575641522,0.24230944284393308,0.11044973544973544,2.339856083188316,2.31,2.35,2.33,0.040000000000000036,0.4496954007123817,0.0548995481412027,12.968405345492569,-13.75557819715431,4.63876924148298,8,-359.75632056990537,0.0,0.0,-486.1999999999907,34756.817253437956,34270.617253437966,1871.8848665506528,-35471.01824677708,37342.90311332773,671.4838732115386
170,0.008648758648758649,98.59111829527424,-6.316026031950831e-05,0.24202252705692176,0.11039886039886039,2.3363570473728217,2.31,2.35,2.33,0.040000000000000036,0.44932975729518,0.05490922670719074,12.963079491970623,-13.755516464411759,4.6327298876025536,10,-449.32975729518,0.0,0.0,-948.2399999999907,43587.520992468955,42639.280992468965,2336.357047372822,-44299.923255075955,46636.28030244878,675.7147847658343
171,0.0086996336996337,98.48994856367383,-0.0010266814778250152,0.23830709402392805,0.11034798534798534,2.290481991637847,2.2600000000000002,2.3000000000000003,2.2800000000000002,0.040000000000000036,0.44375187776105235,0.054874140838383594,12.922265036963504,-13.709806678125258,4.5700196187746025,3,-133.1255633283157,0.0,0.0,661.6200000000094,12443.029046314576,13104.649046314586,687.1445974913541,-13111.529884715917,13798.674482207272,680.2637590900231
172,0.00875050875050875,98.5589920644927,0.0007007751822900531,0.23772120164335575,0.11029711029711028,2.3205517363537993,2.3000000000000003,2.34,2.3200000000000003,0.03999999999999959,0.44751756634994794,0.05491982879852309,12.945192019511882,-13.746047777745838,4.608911287253658,12,-537.0210796199375,0.0,0.0,-1408.5599999999909,52248.57365463546,50840.01365463547,2784.6620836245593,-52928.256324726724,55712.91840835128,696.4194135333018
173,0.0088013838013838,98.48872967690248,-0.0007131510067430624,0.23808851054056104,0.11024623524623524,2.2885459490414206,2.2600000000000002,2.3000000000000003,2.2800000000000002,0.040000000000000036,0.4436348681351396,0.054897833870465186,12.9156042452113,-13.714846983428274,4.5646889963955015,18,-798.5427626432513,0.0,0.0,-2764.679999999991,78004.22415164999,75239.54415165,4119.382708274557,-78647.46228541808,82766.84499369263,711.4645745064772
174,0.008852258852258852,98.2995765583368,-0.0019224026105783395,0.2363711391698518,0.11019536019536019,2.2049196205232917,2.17,2.21,2.19,0.040000000000000036,0.43323397717897905,0.05479168033247721,12.835237322592409,-13.620118268954267,4.449886653282806,22,-953.1147497937538,0.0,0.0,-3632.759999999991,93197.82531828084,89565.06531828085,4850.8231651512415,-93690.77631623113,98541.59948138238,725.1121672009613
175,0.008903133903133903,98.10273034164202,-0.0020045210844442684,0.23792515001297873,0.11014448514448513,2.120012335607015,2.08,2.12,2.1,0.040000000000000036,0.4224341239206816,0.05464004220270516,12.742617688449542,-13.51234077140524,4.331093581690775,22,-929.3550726254996,0.0,0.0,-3632.759999999991,90866.819571579,87234.05957157901,4664.027138335433,-91172.27008141651,95836.29721975194,725.8166284979234
176,0.008954008954008953,98.12938129143355,0.0002716267967930601,0.23770466076893468,0.11009361009361009,2.130601715359944,2.09,2.13,2.11,0.040000000000000036,0.423861228537742,0.05467644250126279,12.752142720365441,-13.530552631228396,4.344584324666523,22,-929.3550726254996,3.139630157532906,3.139630157532906,-3632.759999999991,90866.819571579,87234.05957157901,4687.323773791877,-91197.03827679556,95884.36205058744,724.3450685753342
177,0.009004884004884004,98.37291585861905,0.002478695622451808,0.24261673749351512,0.11004273504273504,2.234754757821335,2.19,2.23,2.21,0.040000000000000036,0.4371746871582499,0.054878335459887365,12.856894368842879,-13.667329279306255,4.486595702589824,28,-1224.0891240430997,0.0,0.0,-4946.879999999991,119859.21791995045,114912.33791995046,6257.313321899738,-120417.21640294255,126674.52972484229,752.4348389076476
178,0.009055759055759055,98.39769526237258,0.00025186082152634155,0.23142606950573247,0.10999185999185998,2.2449084843463396,2.19,2.24,2.215,0.050000000000000266,0.4385084876668578,0.0549062668244566,12.863969320239825,-13.682987646471126,4.499031812731068,28,-1224.0891240430997,3.734641424102165,3.734641424102165,-4946.879999999991,119859.21791995045,114912.33791995046,6285.743756169751,-120447.54860157751,126733.29235774725,750.5330745426909
179,0.009106634106634107,98.37945775242282,-0.0001853620679292449,0.20457557516950092,0.10994098494098493,2.2362245988538234,2.18,2.23,2.205,0.04999999999999982,0.4374807537945534,0.05490680135342532,12.853378523833284,-13.676335964648855,4.485910435782444,22,-962.4576583480175,0.0,0.0,-3608.999999999991,94118.76923581035,90509.76923581037,4919.6941174784115,-94686.06253794458,99605.756655423,743.4008153441973
180,0.009157509157509158,98.42367143534771,0.0004493189092187489,0.2041680828125687,0.10989010989010989,2.2549238952085986,2.21,2.25,2.23,0.040000000000000036,0.4398830380297475,0.05494648333322894,12.868274396354048,-13.701942264946679,4.509887880199322,18,-791.7894684535454,0.0,0.0,-2709.079999999991,77320.13949967897,74611.05949967899,4058.8630113754775,-77930.82648904037,81989.68950041584,739.0960220140987
181,0.009208384208384207,98.62566335721615,0.0020501667040073563,0.2082632976443614,0.10983923483923483,2.3441962371425475,2.3000000000000003,2.34,2.3200000000000003,0.03999999999999959,0.4509690511392021,0.055058207409122956,12.941425654605935,-13.803025761984536,4.627848307798731,15,-676.4535767088032,0.0,0.0,-2007.1399999999908,65944.4919135161,63937.35191351611,3516.2943557138215,-66715.68273326723,70231.97708898105,737.9635359627136
182,0.009259259259259259,98.65970063752823,0.0003450563180209831,0.19511706792092512,0.10978835978835978,2.358874797093506,2.32,2.36,2.34,0.040000000000000036,0.452820204740742,0.055083076422174214,12.950208249340987,-13.821497127112233,4.645829598883523,18,-815.0763685333355,0.0,0.0,-2703.1999999999907,79620.29123230571,76917.09123230571,4245.97463476831,-80415.19051622252,84661.16515099083,747.8753508515074
183,0.00931013431013431,98.59618242590139,-0.000644018447873264,0.19521461872020862,0.10973748473748474,2.3295218198279883,2.29,2.33,2.31,0.040000000000000036,0.44929828459928545,0.05507105731678061,12.924724557168217,-13.795034706900207,4.605635465651495,24,-1078.3158830382852,0.0,0.0,-4077.3199999999906,105573.40470558175,101496.08470558176,5590.852367587172,-106317.82951678972,111908.68188437689,769.107556379211
184,0.009361009361009361,98.76757102527293,0.0017367793169309653,0.19746007072521285,0.10968660968660968,2.4066297546498987,2.36,2.4,2.38,0.040000000000000036,0.458720302322242,0.05513951647811501,12.979799801698759,-13.874886149703267,4.7055621680892505,20,-917.440604644484,0.0,0.0,-3117.3999999999905,89683.34975758719,86565.9497575872,4813.259509299797,-90613.38008069342,95426.63958999321,765.8291861935722
185,0.00941188441188441,98.83412361798793,0.0006736034865651016,0.19748701555566717,0.10963573463573463,2.436573521776346,2.39,2.43,2.41,0.040000000000000036,0.46236949081617224,0.05516538067379824,12.997363423279843,-13.905773436459137,4.742985491174943,18,-832.26508346911,0.0,0.0,-2631.4399999999905,81264.68085611427,78633.24085611428,4385.832339197423,-82256.19014252105,86642.02248171848,762.8830527906539
186,0.009462759462759462,99.07266990437769,0.00241069442507819,0.20324495384510075,0.10958485958485958,2.5477276760917533,2.5100000000000002,2.5500000000000003,2.5300000000000002,0.040000000000000036,0.47551332731258983,0.055187298490153795,13.059306214289908,-14.000031739652188,4.883391440073624,14,-665.7186582376257,0.0,0.0,-1611.5199999999904,64763.656835450776,63152.13683545079,3566.8187465284545,-65954.52487676153,69521.34362328998,764.4307052177173
187,0.009513634513634513,99.10123996222731,0.0002883331924647978,0.20314222489597153,0.10953398453398452,2.5606228055609677,2.52,2.56,2.54,0.040000000000000036,0.4770723773848741,0.05519704686546,13.063080011967497,-14.013014085922746,4.898123342277248,14,-665.7186582376257,2.1826701011980276,2.1826701011980276,-1611.5199999999904,64763.656835450776,63152.13683545079,3584.8719277853547,-65973.54449733894,69558.41642512429,763.4642658972007
188,0.009564509564509565,98.91108691555134,-0.001920618863754216,0.20494134511161066,0.10948310948310948,2.4701946194310054,2.43,2.47,2.45,0.040000000000000036,0.4665555616714141,0.05521272301067124,13.010647761194125,-13.945619957817144,4.781929146008842,9,-419.90000550427266,0.0,0.0,-376.6199999999901,40448.250999972064,40071.630999972076,2223.175157487905,-41532.765940273595,43755.9410977615,762.0402171863825
189,0.009615384615384614,98.69904186143023,-0.002146095818252048,0.210581689827926,0.10943223443223443,2.3717998342168585,2.34,2.38,2.36,0.040000000000000036,0.4548288963305331,0.05518308028225713,12.941951261907485,-13.859485316173043,4.652990370986791,9,-419.90000550427266,-10.55399880679289,-10.55399880679289,-376.6199999999901,40448.250999972064,40071.630999972076,2134.6198507951726,-41443.72822088099,43578.34807167616,762.5226298862544
190,0.009666259666259665,98.95514431322083,0.002591420906055424,0.21858187343647065,0.10938135938135937,2.4893824189675016,2.46,2.5,2.48,0.040000000000000036,0.4689491824260883,0.05524070582171796,13.016732179001256,-13.968663426559532,4.803542732381049,9,-419.90000550427266,2.154258679206862,2.154258679206862,-376.6199999999901,40448.250999972064,40071.630999972076,2240.4441770707513,-41551.26564179752,43791.70981886827,760.809535245302
191,0.009717134717134717,99.22323591924452,0.00270556020536935,0.2231032865927668,0.10933048433048433,2.6163733118307633,2.59,2.63,2.61,0.040000000000000036,0.4837406573614735,0.05522585747368818,13.077754889536939,-14.065478964924596,4.961629486319119,9,-435.3665916253261,0.0,0.0,-376.6199999999901,41982.818991290485,41606.1989912905,2354.735980647687,-43198.48203219712,45553.21801284481,762.4529397410661
192,0.009768009768009768,99.195368457579,-0.00028089565427868334,0.21402836046398976,0.10927960927960928,2.6021989275053485,2.57,2.61,2.59,0.040000000000000036,0.4821850990420219,0.05524501834708656,13.068860625090622,-14.059579483398293,4.942534191070378,5,-241.09254952101097,0.0,0.0,667.30000000001,22710.770248750312,23378.070248750322,1301.0994637526742,-23915.264282113792,25216.363745866467,763.9054303892044
193,0.00981888481888482,99.13582058079791,-0.0006004893013462546,0.2136784814803723,0.10922873422873422,2.5728694284695024,2.5500000000000003,2.59,2.5700000000000003,0.03999999999999959,0.47887780126532886,0.055268674169937214,13.052684472386451,-14.042871165227382,4.904487517623379,11,-526.7655813918617,0.0,0.0,-862.8199999999899,51029.78465954992,50166.96465954993,2830.156371316453,-52221.338165003304,55051.494536319755,775.7828658630751
194,0.009869759869759869,99.36350768265405,0.0022940853624496887,0.21857330019790347,0.10917785917785917,2.682617811413003,2.65,2.69,2.67,0.040000000000000036,0.49144143012446,0.055219596502417555,13.094964112606919,-14.11654750576235,5.038419163745991,7,-344.009001087122,0.0,0.0,213.10000000001014,32869.54182164078,33082.64182164079,1877.832467989102,-34181.94102242239,36059.77349041149,778.5332672075019
195,0.00992063492063492,99.19112661349386,-0.0017363594970340132,0.21532925876728115,0.10912698412698413,2.5980077433555735,2.57,2.61,2.59,0.040000000000000036,0.4819011542259803,0.05528422836237652,13.058753741137057,-14.067269984279404,4.932791837969119,14,-674.6616159163724,0.0,0.0,-1586.0399999999897,65665.70731398265,64079.66731398267,3637.2108406978027,-66920.44576562526,70557.65660632307,796.4323890552041
196,0.009971509971509971,99.0520400732585,-0.0014031914984117477,0.2181630371222327,0.10907610907610907,2.5308032704368344,2.49,2.5300000000000002,2.5100000000000002,0.040000000000000036,0.4741919879132632,0.05531579060058895,13.023517311658841,-14.022606057472464,4.847220178685079,8,-379.3535903306106,0.0,0.0,-68.1599999999894,36413.38238658772,36345.22238658773,2024.6426163494675,-37575.74703136212,39600.38964771159,794.1179715750768
197,0.010022385022385023,99.15216339541053,0.0010103048161059908,0.21668716181563435,0.10902523402523402,2.577842945386294,2.5500000000000003,2.59,2.5700000000000003,0.03999999999999959,0.47971284671401454,0.05531713229604566,13.04408905187545,-14.060447297497316,4.904688070140725,4,-191.88513868560582,0.0,0.0,967.7600000000107,17824.550442470143,18792.310442470152,1031.1371781545176,-19025.826624106197,20056.963802260714,797.6209965184717
198,0.010073260073260072,99.09086605949425,-0.0006184059841926782,0.21637020480924338,0.10897435897435898,2.5478274222783313,2.52,2.56,2.54,0.040000000000000036,0.4763039300402097,0.05533814469151603,13.026833033612881,-14.042429351246998,4.865655164872409,2,-95.26078600804195,0.0,0.0,1479.7200000000107,8249.480923672863,9729.200923672874,509.56548445566625,-9439.473787045028,9949.039271500695,799.2926210835121
199,0.010124135124135123,99.09014930332798,-7.233348411196405e-06,0.2116001986251992,0.10892348392348392,2.546771569542919,2.52,2.56,2.54,0.040000000000000036,0.47624639669282876,0.055350991158288204,13.023585703316748,-14.045191923724829,4.862840467062261,-4,190.4985586771315,0.0,0.0,3015.600000000011,-20067.87100280862,-17052.27100280861,-1018.7086278171677,18876.530621385748,19895.239249202914,805.5509907599699
200,0.010175010175010175,99.06481827351058,-0.0002556688864793666,0.20832294215776553,0.10887260887260887,2.534011346830397,2.52,2.56,2.54,0.040000000000000036,0.4748260671935965,0.05536595957323184,13.014366606314615,-14.0392231311915,4.845326107144381,-1,47.482606719359666,1.4210854715202004e-14,1.4210854715202004e-14,2259.540000000011,-5900.730104363378,-3641.190104363367,-253.4011346830397,4703.855805805938,4957.256940488977,809.2645667595311
201,0.010225885225885226,99.11738827428483,0.0005305219164020088,0.20618491748510318,0.10882173382173381,2.558334193673616,2.54,2.58,2.56,0.040000000000000036,0.4777189893561546,0.05537346158738638,13.023859288937297,-14.06071347559794,4.874334870104078,-1,47.482606719359666,-0.28929221625579515,-0.28929221625579515,2259.540000000011,-5900.730104363378,-3641.190104363367,-255.8334193673616,4706.351966477938,4962.1853858453,809.328442747209
202,0.010276760276760276,99.33662113679758,0.002209408137886473,0.19879231623560734,0.10877085877085876,2.6636773201710326,2.64,2.68,2.66,0.040000000000000036,0.4898389789875234,0.05533256785274607,13.06576464326883,-14.133316885534079,5.002945208032474,-1,47.482606719359666,-1.5012911793926733,-1.5012911793926733,2259.540000000011,-5900.730104363378,-3641.190104363367,-266.36773201710326,4716.76171426859,4983.129446285694,809.2038778881201
203,0.010327635327635327,99.35082218444212,0.00014294861750015528,0.19581488158787413,0.10871998371998372,2.6699198069687355,2.65,2.69,2.67,0.040000000000000036,0.49061016611641284,0.05534022394522651,13.065195202995165,-14.140470536563445,5.009012709930959,-1,47.482606719359666,-1.5784098922816199,-1.5784098922816199,2259.540000000011,-5900.730104363378,-3641.190104363367,-266.99198069687355,4717.436017028899,4984.427997725773,809.2539319686584
204,0.010378510378510378,99.45134302730634,0.0010112651572351983,0.19506471129539077,0.10866910866910866,2.718795003260574,2.7,2.74,2.72,0.040000000000000036,0.496157666646274,0.055309984473737764,13.078370216412551,-14.171038540528734,5.0666701654731705,3,-148.8472999938822,0.0,0.0,1179.460000000011,13623.566531049339,14803.026531049349,815.6385009781723,-14803.06389037995,15618.702391358122,815.6011416475703
205,0.01042938542938543,99.13199125523433,-0.003216302601857196,0.20676594670112922,0.10861823361823361,2.5624526084299504,2.54,2.58,2.56,0.040000000000000036,0.4784580882578893,0.05542279539195305,13.014920010122738,-14.077847869653999,4.873488381726466,5,-239.22904412894468,0.0,0.0,671.420000000011,22582.84081416572,23254.260814165733,1281.2263042149752,-23715.25151058861,24996.477814803584,820.2356077920995
206,0.01048026048026048,99.12449274607052,-7.564452890548645e-05,0.2047247129591456,0.10856735856735857,2.5581502865969625,2.5300000000000002,2.57,2.55,0.03999999999999959,0.4780250003154955,0.05543668416002723,13.010115559837887,-14.078312143059009,4.866622543825911,5,-239.22904412894468,-0.21654397119692703,-0.21654397119692703,671.420000000011,22582.84081416572,23254.260814165733,1279.0751432984812,-23713.45764940896,24992.53279270744,819.878308055253
207,0.01053113553113553,98.99349879412327,-0.0013223833940365476,0.2070488622353148,0.1085164835164835,2.495293661407146,2.47,2.5100000000000002,2.49,0.040000000000000036,0.4707431960332295,0.055457834071839684,12.974619936885,-14.0340989348699,4.7861436338579075,5,-239.22904412894468,-3.85744611232991,-3.85744611232991,671.420000000011,22582.84081416572,23254.260814165733,1247.646830703573,-23682.12009149795,24929.76692220152,819.7875533713559
208,0.010582010582010581,98.80442939215251,-0.0019117435787941468,0.21179770583518728,0.10846560846560846,2.406571489126165,2.38,2.42,2.4,0.040000000000000036,0.4602375524403304,0.055449880929154274,12.917194066057146,-13.961263849356413,4.6712815551530245,5,-239.22904412894468,-9.11026790877952,-9.11026790877952,671.420000000011,22582.84081416572,23254.260814165733,1203.2857445630825,-23636.889199190453,24840.174943753536,820.6573595383634
209,0.010632885632885633,98.66845129165182,-0.0013771827455144985,0.21421366306599784,0.10841473341473341,2.343794493441294,2.32,2.36,2.34,0.040000000000000036,0.4526766561491967,0.055423631880176856,12.869527184528765,-13.904130741418268,4.588231869814846,9,-407.40899053427705,0.0,0.0,-256.65999999998894,39176.06596155037,38919.40596155038,2109.4150440971644,-40198.41413831235,42307.829182409514,830.406867335194
210,0.010683760683760684,98.61681199099812,-0.0005234988257492955,0.21323740813995287,0.10836385836385835,2.319786250391978,2.29,2.33,2.31,0.040000000000000036,0.44979111816162703,0.05541615773601805,12.848294106483229,-13.883028848993723,4.555311007028014,18,-809.6240126909287,0.0,0.0,-2317.839999999989,78839.24592336704,76521.40592336706,4175.61525070556,-79842.53904293879,84018.15429364436,854.482131133831
211,0.010734635734635734,98.75872769716668,0.0014380275372389737,0.2150661495525813,0.10831298331298331,2.3834672415723404,2.34,2.38,2.36,0.040000000000000036,0.4576369992522438,0.055477112543316,12.89341674693041,-13.950480320073112,4.637114997691796,13,-594.9280990279169,0.0,0.0,-1127.939999999989,57635.0904934635,56507.15049346351,3098.5074140440424,-58754.34213129106,61852.8495453351,851.3157762164919
212,0.010785510785510785,98.55346820144352,-0.002080556336934119,0.2197227693353859,0.10826210826210826,2.2899961315526767,2.2600000000000002,2.3000000000000003,2.2800000000000002,0.040000000000000036,0.44623208673326165,0.05541263009677278,12.81892921033337,-13.858461230959009,4.513200849782192,13,-594.9280990279169,-14.826386274676793,-14.826386274676793,-1127.939999999989,57635.0904934635,56507.15049346351,2976.9949710184796,-58632.227489693054,61609.222460711535,851.9179747889357
213,0.010836385836385836,98.55828466761855,4.887041087968047e-05,0.21513209132460934,0.1082112332112332,2.291440792456008,2.2600000000000002,2.3000000000000003,2.2800000000000002,0.040000000000000036,0.44647420176277774,0.05542752442169065,12.817601991664924,-13.863726924257014,4.5137384147243536,20,-892.9484035255555,0.0,0.0,-2710.079999999989,87005.99188237175,84295.91188237176,4582.8815849120165,-88007.46294816722,92590.34453307923,871.3305191165564
214,0.010887260887260887,98.48351230744352,-0.0007589492677394564,0.2106986592186206,0.10816035816035816,2.2575082697853546,2.22,2.2600000000000002,2.24,0.040000000000000036,0.4423054469544164,0.05540083359052679,12.785983940740406,-13.829499634775129,4.4672700097187805,17,-751.9192598225079,0.0,0.0,-2032.139999999989,73116.25202051396,71084.11202051397,3837.7640586351026,-74051.64967893378,77889.41373756889,870.2264002152951
215,0.010938135938135937,98.43296611144557,-0.0005133770166304794,0.21110325337616018,0.10810948310948311,2.2345198390829992,2.2,2.24,2.22,0.040000000000000036,0.4394795104471744,0.055383303064860966,12.762814860860301,-13.806493993474747,4.4351647247052615,17,-751.9192598225079,-4.804092062311383,-4.804092062311383,-2032.139999999989,73116.25202051396,71084.11202051397,3798.6837264410988,-74013.64302065216,77812.32674709326,869.1527263029129
216,0.010989010989010988,98.58805312975126,0.0015743198460211039,0.20671680386387598,0.10805860805860805,2.302637382651163,2.2600000000000002,2.3000000000000003,2.2800000000000002,0.040000000000000036,0.44805109001315796,0.05547922897623774,12.819203666692621,-13.886911729104435,4.524397417179729,13,-582.4664170171053,0.0,0.0,-1112.2199999999889,56409.39084973406,55297.17084973407,2993.428597446512,-57424.23006717823,60417.65866462474,866.3693800023539
217,0.01103988603988604,98.67141580153934,0.0008452083664462187,0.2074355150782264,0.108007733007733,2.3394723644707014,2.3000000000000003,2.34,2.3200000000000003,0.03999999999999959,0.45265404515862295,0.05552591357431041,12.845646422947677,-13.92908288815309,4.571377955098846,7,-316.8578316110361,0.0,0.0,291.6600000000112,30200.10527991458,30491.76527991459,1637.630655129491,-31264.810852866678,32902.44150799617,864.5850821774038
218,0.01109076109076109,98.87878748462319,0.0020994335191998103,0.21225932477619627,0.10795685795685794,2.4338210403305425,2.41,2.45,2.43,0.040000000000000036,0.46415395491188594,0.05559058699491758,12.908638570987353,-14.02216473622206,4.691930193368916,5,-232.07697745594297,0.0,0.0,781.6200000000113,21816.658067745255,22598.278067745265,1216.9105201652712,-22947.49013393987,24164.400654105142,867.6984539706646
219,0.011141636141636142,98.85489683582963,-0.00024164470501708286,0.21228814590407805,0.1079059829059829,2.4220350108113564,2.4,2.44,2.42,0.040000000000000036,0.4628048051097636,0.055599815997205836,12.89846218080318,-14.01533869670738,4.675402897005872,5,-232.07697745594297,-0.6745749010611632,-0.6745749010611632,781.6200000000113,21816.658067745255,22598.278067745265,1211.017505405678,-22941.945664378403,24152.96316978408,867.3499087725395
220,0.011192511192511191,98.74707915212925,-0.0010912612979792327,0.20914468668031128,0.10785510785510785,2.3717488352877467,2.35,2.39,2.37,0.040000000000000036,0.4567888558564027,0.05558852962072268,12.861662281797395,-13.972135819589397,4.6091682395158236,12,-548.1466270276833,0.0,0.0,-863.5199999999888,53026.05222385646,52162.53222385647,2846.098602345296,-54127.87836607531,56973.976968420604,880.7524601264522
221,0.011243386243386243,98.71247704586001,-0.0003504728491215,0.209188268489811,0.10780423280423279,2.355266132190579,2.32,2.36,2.34,0.040000000000000036,0.45484260962492606,0.055590842625689224,12.84712208173726,-13.959661015963064,4.586355852097821,22,-1000.6537411748374,0.0,0.0,-3183.7199999999884,97691.91693728985,94508.19693728986,5181.585490819273,-98777.00945657508,103958.59494739435,912.7729715340538
222,0.011294261294261294,98.75012595594659,0.0003813269952945686,0.20878677527522402,0.10775335775335775,2.371718732420881,2.33,2.37,2.35,0.040000000000000036,0.45691328700185474,0.05561494414720912,12.85642779371072,-13.979453010384978,4.6062972058043705,18,-822.4439166033385,0.0,0.0,-2235.7999999999884,80092.79440213603,77856.99440213604,4269.093718357585,-81216.4403562817,85485.53407463929,909.647764211928
223,0.011345136345136345,98.77757052349281,0.00027788070444706496,0.2051919406029424,0.1077024827024827,2.383567571883958,2.34,2.38,2.36,0.040000000000000036,0.45841758033705055,0.05563504756183363,12.86214909826557,-13.99448155661239,4.620200348602307,22,-1008.5186767415112,0.0,0.0,-3171.8799999999883,98471.88814368928,95300.0081436893,5243.848658144708,-99619.02471609427,104862.87337423897,924.8320857397339
224,0.011396011396011395,98.60971188241112,-0.001700805436904661,0.20807916075453778,0.10765160765160764,2.306693638321228,2.2600000000000002,2.3000000000000003,2.2800000000000002,0.040000000000000036,0.44905887095433966,0.05559010580279214,12.802066567778164,-13.920837827780758,4.518662478115711,19,-853.2118548132454,0.0,0.0,-2481.9399999999882,83156.36144192188,80674.42144192189,4382.7179128103335,-84134.97517779171,88517.69309060204,922.1641769405105
225,0.011446886446886446,98.62379429043153,0.00014279934801694917,0.20024102657082277,0.1076007326007326,2.3123143414034857,2.27,2.31,2.29,0.040000000000000036,0.44981763003384256,0.05560885446875731,12.80398838640114,-13.93049822631468,4.524654607026995,24,-1079.5623120812222,0.0,0.0,-3617.039999999988,105478.78620001717,101861.74620001718,5549.554419368365,-106470.53139040111,112020.08580976947,940.7692289844272
226,0.011497761497761497,98.65920038211421,0.0003589370905648524,0.20032110777322418,0.10754985754985755,2.3275658472307583,2.2800000000000002,2.32,2.3,0.03999999999999959,0.45176308908627394,0.055635843171039034,12.81334079151766,-13.950107748875466,4.543230706488891,24,-1079.5623120812222,4.669101725835162,4.669101725835162,-3617.039999999988,105478.78620001717,101861.74620001718,5586.15803335382,-106508.75447259982,112094.91250595363,939.149760771179
227,0.011548636548636549,99.04979327401655,0.003951195065420821,0.21571967734925887,0.10749898249898249,2.5075499562698695,2.46,2.5,2.48,0.040000000000000036,0.4734937345185966,0.05571493588458018,12.927240138516595,-14.115836966069107,4.7720847868563645,18,-852.2887221334739,0.0,0.0,-2117.159999999988,82966.25852894405,80849.09852894406,4513.589921285765,-84419.02173709632,88932.61165838208,943.666713133498
228,0.011599511599511598,99.34201693346793,0.002945926754575866,0.21933646732089096,0.10744810744810744,2.6475712710218104,2.6,2.64,2.62,0.040000000000000036,0.48975369593663304,0.055668786404582254,12.986710258752383,-14.215255601076628,4.94320913820152,18,-881.5566526859394,0.0,0.0,-2117.159999999988,85873.64840473201,83756.48840473202,4765.6282878392585,-87575.6159189379,92341.24420677715,946.5007736333791
229,0.01165038665038665,99.20917669373654,-0.0013380958041644927,0.21455308785959254,0.1073972323972324,2.582282389170693,2.54,2.58,2.56,0.040000000000000036,0.4823392734391289,0.055720264019499754,12.957840426384944,-14.177277163682954,4.86189417028451,18,-881.5566526859394,-13.345960495507256,-13.345960495507256,-2117.159999999988,85873.64840473201,83756.48840473202,4648.108300507248,-87458.5097218583,92106.61802236554,946.0869833809702
230,0.0117012617012617,99.16452725377006,-0.0004501548323389405,0.2059951155693188,0.10734635734635734,2.5600811612972265,2.52,2.56,2.54,0.040000000000000036,0.47983399517901104,0.05574193779431942,12.945080235017413,-14.165536129132683,4.832993873434843,13,-623.7841937327144,0.0,0.0,-837.2599999999879,60310.48627939205,59473.22627939206,3328.1055096863943,-61857.26467987874,65185.37018956513,944.0671091997137
231,0.011752136752136752,98.93714501668128,-0.002295612493709682,0.2122112150674296,0.10729548229548229,2.451700144585878,2.42,2.46,2.44,0.040000000000000036,0.46713689582707985,0.055764838144353276,12.884967013200152,-14.085058640740039,4.695839428316802,13,-607.2779645752038,0.0,0.0,-837.2599999999879,58677.32543759746,57840.06543759747,3187.2101879616416,-60082.34804661198,63269.55823457362,944.9275789471285
232,0.011803011803011803,98.84555909069898,-0.0009261268111562103,0.21276000925368643,0.10724460724460724,2.4084360904362327,2.37,2.41,2.39,0.040000000000000036,0.4620087304739779,0.05576571316551807,12.855226378514047,-14.050692066448976,4.639302527234714,13,-607.2779645752038,-6.666614959032472,-6.666614959032472,-837.2599999999879,58677.32543759746,57840.06543759747,3130.9669175671024,-60026.72993189771,63157.69684946481,944.3024232668613
233,0.011853886853886853,98.89460335217238,0.0004960475593137378,0.20612884883737154,0.10719373219373218,2.430446098430444,2.4,2.44,2.42,0.040000000000000036,0.46472316725333906,0.05578632475253328,12.866635841718828,-14.074040017634381,4.66594669725491,5,-232.36158362666953,0.0,0.0,1114.580000000012,21598.264793120994,22712.844793121007,1215.223049215222,-22979.306647042114,24194.529696257337,948.7611952941152
234,0.011904761904761904,99.08198966862767,0.0018930154272722784,0.2075184130838621,0.10714285714285714,2.517788619710899,2.49,2.5300000000000002,2.5100000000000002,0.040000000000000036,0.47515950793310957,0.05580435282479004,12.913483687219847,-14.149082468937731,4.774495803885822,5,-232.36158362666953,5.2181703398852335,5.2181703398852335,1114.580000000012,21598.264793120994,22712.844793121007,1258.8943098554496,-23022.848028283635,24281.742338139084,948.8910746928195
235,0.011955636955636955,98.96877731421095,-0.0011432661278986786,0.20670804365388265,0.10709198209198209,2.4636345721194317,2.44,2.48,2.46,0.040000000000000036,0.4688217368584345,0.055818955526059665,12.88124240740586,-14.109726332862952,4.705094747354142,5,-232.36158362666953,2.0492848025477315,2.0492848025477315,1114.580000000012,21598.264793120994,22712.844793121007,1231.8172860597158,-22996.54182632526,24228.359112384976,948.1202528554604
236,0.012006512006512007,98.86731953130506,-0.0010256752273036477,0.20650425327974098,0.10704110704110703,2.4156404027758285,2.39,2.43,2.41,0.040000000000000036,0.46313777316955473,0.05582131799473499,12.84928254088267,-14.071940928876156,4.6427527873436905,11,-509.4515504865102,0.0,0.0,-319.5399999999879,48992.037328456965,48672.49732845698,2657.2044430534115,-50368.109227668596,53025.31367072201,961.5925438417908
237,0.012057387057387056,98.53482580213662,-0.003368697366873703,0.21910259374587543,0.10699023199023198,2.264025787048851,2.23,2.27,2.25,0.040000000000000036,0.44456778471321207,0.05571934449812982,12.733632593638463,-13.922673150745482,4.444522251110104,18,-800.2220124837818,0.0,0.0,-1880.679999999988,77641.62159892384,75760.94159892385,4075.246416687932,-78849.73660312463,82924.98301981257,986.4514124871494
238,0.012108262108262107,98.50975683858628,-0.00025444966159035316,0.21909289605816046,0.10693935693935694,2.252190690493954,2.21,2.25,2.23,0.040000000000000036,0.4431453609635825,0.055718440492271995,12.72089581058688,-13.913011469301814,4.427498022623839,18,-800.2220124837818,-2.560362749333308,-2.560362749333308,-1880.679999999988,77641.62159892384,75760.94159892385,4053.9432428891173,-78829.6758666615,82883.61910955062,985.2089751514577
239,0.012159137159137159,98.34574429224728,-0.0016663246223465793,0.2217158683270644,0.10688848188848188,2.179554762372291,2.14,2.18,2.16,0.040000000000000036,0.43398730847004946,0.055624476206015204,12.651169286928289,-13.829469164555965,4.329117138042355,15,-650.9809627050741,0.0,0.0,-1226.739999999988,62963.66561837454,61736.92561837455,3269.3321435584367,-64021.207297314184,67290.53944087261,985.0504646188056
240,0.01221001221001221,98.26415252468153,-0.0008299864205272032,0.22154279061111615,0.10683760683760683,2.1436287210275182,2.11,2.15,2.13,0.040000000000000036,0.4294224792868699,0.05557277774536331,12.612441447089303,-13.786833859546032,4.279188812088072,21,-901.7872065024268,0.0,0.0,-2492.859999999988,87607.69634987033,85114.83634987034,4501.620314157788,-88613.35560456094,93114.97591871873,1003.1010594671825
241,0.01226088726088726,98.12911685465502,-0.00137515599931922,0.21573567061607538,0.10678673178673179,2.085450225269703,2.04,2.08,2.06,0.040000000000000036,0.4218956282310357,0.055462521844569075,12.546869163770177,-13.710706875990851,4.198298487910749,22,-928.1703821082785,0.0,0.0,-2696.879999999988,90196.52462400774,87499.64462400775,4587.990495593347,-91080.53988693307,95668.53038252641,1007.0952326680272
242,0.01231176231176231,98.11468195683267,-0.0001471118877214643,0.21551632545887217,0.10673585673585673,2.0786688209344746,2.04,2.08,2.06,0.040000000000000036,0.42106434392428316,0.05546054702565333,12.536755927773855,-13.704827314192725,4.187666637110335,17,-715.8093846712814,0.0,0.0,-1656.9799999999877,69359.75111385483,67702.77111385485,3533.736995588607,-70231.41011873886,73765.14711432747,1005.0979907045985
243,0.012362637362637362,97.84451286241418,-0.0027574033037693025,0.2200254274628596,0.10668498168498168,1.9662422472013006,1.93,1.97,1.95,0.040000000000000036,0.4060866873908473,0.055161757724201864,12.39472840888622,-13.535211563178562,4.029183637128643,17,-690.3473685644404,0.0,0.0,-1656.9799999999877,66868.30798545791,65211.32798545792,3342.611820242211,-67546.70198303717,70889.31380327938,1007.2378226629662
244,0.012413512413512413,97.61960543214991,-0.002301266661958353,0.2149044239992134,0.10663410663410663,1.8756221853241115,1.84,1.8800000000000001,1.86,0.040000000000000036,0.39367858504313924,0.05485323358717754,12.262955316884122,-13.381136616379866,3.8980231989672953,23,-905.4607455992203,0.0,0.0,-2761.0999999999876,87866.54101062096,85105.44101062097,4313.931026245456,-88390.72071969615,92704.6517459416,1028.6513171702682
245,0.012464387464387465,97.94639531379397,0.003341993849187747,0.23064487914172885,0.10658323158323157,2.0065175526991226,1.96,2.0,1.98,0.040000000000000036,0.4116474565329655,0.05531284668955703,12.442695973715713,-13.607832292093148,4.083509171260619,23,-946.7891500258208,0.0,0.0,-2761.0999999999876,91914.30684986524,89153.20684986525,4614.990371207982,-92734.58436724004,97349.57473844802,1033.6128538331977
246,0.012515262515262514,97.74880146638692,-0.002019404848019093,0.23275397555149127,0.10653235653235653,1.9255711181955562,1.8800000000000001,1.92,1.9,0.039999999999999813,0.4007073408778863,0.05506787342025674,12.331769607558094,-13.478032298841295,3.967594269169375,23,-921.6268840191384,0.0,0.0,-2761.0999999999876,89454.6025264664,86693.50252646641,4428.813571849779,-90087.92331207157,94516.73688392134,1034.392786244629
247,0.012566137566137565,97.5807927166397,-0.0017202594607553258,0.23211733202333965,0.10648148148148148,1.8583451648105438,1.82,1.86,1.84,0.040000000000000036,0.3914389161674373,0.05482719316274139,12.22985935138711,-13.36074793449717,3.8693852556660007,29,-1135.1728568855683,0.0,0.0,-3853.2199999999875,110291.54594095299,106438.325940953,5389.200977950577,-110771.06724530635,116160.26822325692,1056.45967359723
248,0.012617012617012617,97.86255022711734,0.0028832673594984363,0.2415887704924283,0.10643060643060642,1.9701281252219047,1.92,1.96,1.94,0.040000000000000036,0.40691214164677947,0.055245260074620654,12.38845928649327,-13.560961210486687,4.0285401949884605,29,-1180.0452107756605,0.0,0.0,-3853.2199999999875,114682.6493611818,110829.42936118181,5713.371563143523,-115482.23370980234,121195.60527294586,1060.567214522991
249,0.012667887667887668,98.30976364697169,0.004559401739730322,0.2640822613122254,0.10637973137973138,2.1569426033488384,2.11,2.15,2.13,0.040000000000000036,0.43170235270397606,0.05572294808632646,12.604016392858128,-13.838623054572151,4.28535999981746,29,-1251.9368228415306,0.0,0.0,-3853.2199999999875,121749.94336920774,117896.72336920776,6255.1335497116315,-123077.61315449154,129332.74670420318,1074.2437644278543
250,0.012718762718762718,98.12927501568495,-0.0018376050229614656,0.2645811785236478,0.10632885632885633,2.079233263889634,2.0300000000000002,2.07,2.05,0.03999999999999959,0.4216282308945202,0.05557422313664418,12.518272596599276,-13.736379216606888,4.1781753287680665,29,-1222.7218695941085,0.0,0.0,-3853.2199999999875,118882.957845312,115029.73784531202,6029.776465279939,-119984.81060909275,126014.58707437268,1074.7037014992093
251,0.012769637769637769,98.07266602956139,-0.0005770481922128375,0.26107735387793224,0.10627798127798127,2.054757183331624,2.0100000000000002,2.05,2.0300000000000002,0.03999999999999959,0.4184523773196991,0.05552849832789742,12.487568083531041,-13.704581627582188,4.143139022516554,29,-1222.7218695941085,-9.209975366981325,-9.209975366981325,-3853.2199999999875,118882.957845312,115029.73784531202,5958.79583166171,-119915.59356374391,125874.38939540563,1072.9401132298226
252,0.01282051282051282,98.12532251352833,0.0005367688590717269,0.2614752767522112,0.10622710622710622,2.0761694869189995,2.0300000000000002,2.07,2.05,0.03999999999999959,0.42134690731653995,0.055595152005687126,12.509995343051498,-13.73968850097659,4.171393109246272,26,-1095.501959023004,0.0,0.0,-3232.2799999999875,106398.8389156424,103166.55891564241,5398.040665989399,-107496.48304333437,112894.52370932377,1068.1165382974286
253,0.012871387871387871,98.3919428501102,0.0027134562419121573,0.2685619262996446,0.10617623117623116,2.1897812362612186,2.14,2.18,2.16,0.040000000000000036,0.4361742686704255,0.05583520938845462,12.626332100249009,-13.895574505206786,4.324159998199418,19,-828.7311104738086,0.0,0.0,-1706.4199999999873,80149.42442601033,78443.00442601035,4160.5843488963155,-81540.46405984733,85701.04840874365,1063.1247150593263
254,0.012922262922262921,98.23977343687574,-0.0015477609257102808,0.2705339212508599,0.10612535612535612,2.123352183963938,2.08,2.12,2.1,0.040000000000000036,0.4276572208631622,0.05572763593611323,12.5570367647176,-13.81328694579713,4.23329761327584,19,-812.5487196400081,0.0,0.0,-1706.4199999999873,78559.59052911034,76853.17052911036,4034.369149531482,-79824.60212385785,83858.97127338934,1062.9375547839882
255,0.012973137973137972,98.20204842155476,-0.0003840833426179783,0.26801110517945154,0.10607448107448107,2.106556751209361,2.07,2.11,2.09,0.040000000000000036,0.42552558538825,0.05570634876687872,12.536588891451094,-13.794151419515737,4.209133781416379,19,-812.5487196400081,-4.050107402332969,-4.050107402332969,-1706.4199999999873,78559.59052911034,76853.17052911036,4002.4578272977856,-79793.94871096041,83796.40653825819,1061.6796454477299
256,0.013024013024013023,98.32198633620418,0.001220592989432111,0.2688275829012731,0.10602360602360601,2.157288973686306,2.12,2.16,2.14,0.040000000000000036,0.4321847331485083,0.055821256324888734,12.587113434132386,-13.865910035802361,4.276565252005595,23,-994.0248862415691,0.0,0.0,-2554.4999999999873,96401.79554719708,93847.29554719709,4961.764639478504,-97734.50128289047,102696.26592236897,1074.5589037851314
257,0.013074888074888075,98.38916651062058,0.0006830337381083171,0.2647069913329142,0.10597273097273097,2.185741836922098,2.14,2.18,2.16,0.040000000000000036,0.4359089248234194,0.05588430790812186,12.612501973030696,-13.905872856844216,4.313405308298859,12,-523.0907097881034,0.0,0.0,-156.71999999998707,50064.65770351993,49907.93770351994,2622.8902043065177,-51466.45894550041,54089.34914980693,1064.3689623260507
258,0.013125763125763126,98.33118752120157,-0.0005894559450463864,0.26489981344655694,0.10592185592185592,2.159856269552691,2.13,2.17,2.15,0.040000000000000036,0.4326416784399847,0.05585388384474433,12.584738860721595,-13.876915715341198,4.2773696180366425,12,-523.0907097881034,-3.920695660121737,-3.920695660121737,-156.71999999998707,50064.65770351993,49907.93770351994,2591.827523463229,-51436.13067477242,54027.958198235654,1063.6345522107513
259,0.013176638176638176,98.31061980806584,-0.0002091896274758773,0.26399342971226614,0.10587098087098086,2.1502641553342343,2.12,2.16,2.14,0.040000000000000036,0.431464415801642,0.05585035918263999,12.572639306449137,-13.868323680779154,4.263135370546791,4,-172.58576632065683,-2.842170943040401e-14,-2.842170943040401e-14,1571.1200000000129,15604.576547532284,17175.696547532298,860.1056621336937,-16967.01365703379,17827.119319167483,1068.7885526322025
260,0.013227513227513227,98.09882502300708,-0.002156666827633934,0.2679167572989475,0.10582010582010581,2.0594342457261234,2.04,2.08,2.06,0.040000000000000036,0.419624041140655,0.05566776813481995,12.471603444763156,-13.746335603662864,4.138115464717261,10,-419.62404114065504,0.0,0.0,347.00000000001296,39837.529334860046,40184.52933486006,2059.4342457261237,-41164.625387304244,43224.05963303037,1079.3381932819393
261,0.013278388278388278,98.06224729319024,-0.00037293566770291555,0.2676635974711609,0.10576923076923077,2.0434243188490626,2.0100000000000002,2.05,2.0300000000000002,0.03999999999999959,0.4175567434107286,0.055641374144721485,12.450407245352533,-13.726486101415293,4.11475395612272,10,-419.62404114065504,-2.0672977299264517,-2.0672977299264517,347.00000000001296,39837.529334860046,40184.52933486006,2043.4243188490627,-41149.27649250275,43192.70081135182,1078.6771612063749
262,0.01332926332926333,98.02134343783874,-0.00041720835274709474,0.2675043941740833,0.10571835571835571,2.025694077178187,2.0,2.04,2.02,0.040000000000000036,0.4152493856925579,0.055608515826287876,12.42669632726873,-13.70353568004934,4.088933181153763,5,-207.62469284627895,0.0,0.0,1366.9000000000128,19056.029384052625,20422.929384052637,1012.8470385890935,-20351.651323660888,21364.498362249982,1084.1250989808432
263,0.013380138380138379,98.05713973516025,0.000365122140276234,0.2655104715474787,0.10566748066748066,2.039895713709683,2.0100000000000002,2.05,2.0300000000000002,0.03999999999999959,0.4172087751081229,0.05566070595617759,12.441455374744946,-13.72898108435107,4.107337604646516,10,-417.20877510812284,0.0,0.0,361.8000000000127,39606.21746388554,39968.01746388555,2039.895713709683,-40910.29915951225,42950.19487322193,1097.6140180829825
264,0.01343101343101343,97.97180743375712,-0.0008706092444546802,0.26591849521665767,0.10561660561660562,2.0038010971321967,1.97,2.0100000000000002,1.9900000000000002,0.04000000000000026,0.41243022675261576,0.055575817305984924,12.394898797215022,-13.677377593869094,4.055966375370882,6,-247.45813605156943,0.0,0.0,1165.7200000000128,22974.609003633614,24140.329003633626,1202.280658279318,-24243.92085316083,25446.201511440147,1098.688808752111
265,0.013481888481888481,98.04440562593581,0.0007407366397402074,0.2664489883761623,0.10556573056573056,2.033191044337144,2.0100000000000002,2.05,2.0300000000000002,0.03999999999999959,0.41643588835703393,0.055671593983836476,12.428677831448672,-13.726662559830814,4.095529994922359,6,-247.45813605156943,2.403396962650902,2.403396962650902,1165.7200000000128,22974.609003633614,24140.329003633626,1219.9146266022865,-24261.885866478082,25481.80049308037,1098.357763757831
266,0.013532763532763533,98.20041490844498,0.001589945813085634,0.25251079824414785,0.10551485551485551,2.09813379865772,2.07,2.11,2.09,0.040000000000000036,0.42510378745893795,0.0558434903564478,12.50073330312298,-13.825049569002944,4.183372220776655,1,-42.5103787458938,-7.105427357601002e-15,-7.105427357601002e-15,2220.6200000000126,2847.6479039208825,5068.267903920895,209.81337986577202,-4174.536830761913,4384.350210627685,1103.5444530247541
267,0.013583638583638582,98.2244476606664,0.00024470173507582736,0.24205318011108665,0.10546398046398046,2.1076621958583104,2.09,2.13,2.11,0.040000000000000036,0.42641624889245106,0.05587829798247011,12.508614244948175,-13.842148139323337,4.195023700041046,1,-42.5103787458938,0.13124614335130502,0.13124614335130502,2220.6200000000126,2847.6479039208825,5068.267903920895,210.76621958583104,-4175.558472161151,4386.324691746982,1103.475651345575
268,0.013634513634513633,98.2787587803335,0.0005527759270059332,0.24154021637355394,0.1054131054131054,2.1301978764623897,2.11,2.15,2.13,0.040000000000000036,0.4294231654227696,0.05593871193366485,12.529942444993695,-13.87662382115366,4.224217034398694,-4,171.76926616910782,0.0,0.0,3295.5200000000127,-18212.542587092783,-14917.02258709277,-852.0791505849559,16881.270275708648,17733.349426293604,1112.1685380309227
269,0.013685388685388685,98.28703563367806,8.421458447687303e-05,0.24159946888072556,0.10536223036223036,2.133047775023037,2.12,2.16,2.14,0.040000000000000036,0.42985707306793164,0.055958464023004244,12.530427703801152,-13.884310931685315,4.22674596934672,2,-85.97141461358632,1.4210854715202004e-14,1.4210854715202004e-14,2023.4000000000128,7118.7582608705015,9142.158260870514,426.60955500460744,-8449.875491603269,8876.485046607875,1118.892324271852
270,0.013736263736263736,98.28712765539763,9.362544700349515e-07,0.23688799374355687,0.1053113553113553,2.1323808888414177,2.11,2.15,2.13,0.040000000000000036,0.42983308810446336,0.05597132231511425,12.527278623795523,-13.887308428942337,4.224531183060907,-2,85.96661762089269,1.4210854715202004e-14,1.4210854715202004e-14,2883.320000000013,-9781.38202694376,-6898.062026943748,-426.47617776828355,8449.411920207434,8875.888097975718,1124.8737154954033
271,0.013787138787138787,98.17598291364686,-0.001131456722700251,0.23727198521808762,0.10526048026048025,2.0842494392121225,2.07,2.11,2.09,0.040000000000000036,0.4235870555318615,0.05588354458164563,12.473332194416729,-13.825000242129214,4.15798118509684,3,-127.07611665955847,-1.4210854715202004e-14,-1.4210854715202004e-14,1848.220000000013,11133.25202965839,12981.472029658402,625.2748317636367,-12475.822657901408,13101.097489665044,1130.9242035206298
272,0.013838013838013837,98.22483201526346,0.0004974429728466435,0.2372740264621908,0.1052096052096052,2.104303079990892,2.08,2.12,2.1,0.040000000000000036,0.4262880841821785,0.05594219444595976,12.492810712680892,-13.856987754410987,4.183951632050783,3,-127.07611665955847,0.8103085950950799,0.8103085950950799,1848.220000000013,11133.25202965839,12981.472029658402,631.2909239972676,-12482.030212037153,13113.32113603442,1130.7327416185162
273,0.013888888888888888,98.20991700148166,-0.0001518571829592515,0.2324504282739494,0.10515873015873015,2.0972466083864063,2.07,2.11,2.09,0.040000000000000036,0.4254236347419769,0.05594115923835426,12.482746869299932,-13.85109573734124,4.1730741711406045,1,-42.542363474197685,7.105427357601002e-15,7.105427357601002e-15,2270.180000000013,2830.784042856163,5100.964042856176,209.72466083864063,-4178.08198584782,4387.80664668646,1132.6067178469966
274,0.01393976393976394,98.53310444637602,0.00328537940726379,0.24437412827556595,0.1051078551078551,2.2369506064428464,2.22,2.2600000000000002,2.24,0.040000000000000036,0.44351936791468405,0.056196058026649426,12.616184721023362,-14.03268080083562,4.358233053822019,-8,354.81549433174723,0.0,0.0,4304.000000000014,-36324.07690809053,-32020.076908090516,-1789.560485154277,34961.07216218259,36750.63264733686,1151.4347689377973
275,0.01399063899063899,98.7767518265499,0.0024696942019822943,0.25015306699307754,0.10505698005698005,2.3459622035037455,2.33,2.37,2.35,0.040000000000000036,0.4572026103649591,0.056313372744908,12.69897341086506,-14.152771403187465,4.498017393025337,-8,354.81549433174723,-10.946593960220014,-10.946593960220014,4304.000000000014,-36324.07690809053,-32020.076908090516,-1876.7697628029964,35047.522027821615,36924.291790624615,1150.675356928099
276,0.01404151404151404,98.8366553439749,0.0006062697882447915,0.23829349479775308,0.105006105006105,2.3727298499464595,2.36,2.4,2.38,0.040000000000000036,0.46055441761505683,0.05634199432739082,12.714682697531515,-14.182307919222854,4.530690893318127,-12,552.6653011380682,0.0,0.0,5263.920000000014,-55879.867813937155,-50615.94781393714,-2847.2758199357513,54623.589889157345,57470.865709093094,1160.3662552844544
277,0.014092389092389091,98.71846042873693,-0.0011965767515377515,0.23990743596142,0.10495522995522995,2.317969233622364,2.31,2.35,2.33,0.040000000000000036,0.45387331791530644,0.05632108515232249,12.673440392463828,-14.132355126554145,4.459306947272092,-12,552.6653011380682,8.017319639700531,8.017319639700531,5263.920000000014,-55879.867813937155,-50615.94781393714,-2781.5630803468366,54558.26766073437,57339.830741081205,1160.7567664503877
278,0.014143264143264143,98.54636866409115,-0.0017447794327538223,0.24020476532583954,0.1049043549043549,2.2399802199215557,2.23,2.27,2.25,0.040000000000000036,0.4441612688298535,0.05625587786654646,12.608556116076866,-14.051616638614432,4.3567303034345795,-16,710.6580301277656,0.0,0.0,6171.840000000014,-71450.25601168758,-65278.41601168757,-3583.968351874489,70032.76823106759,73616.73658294207,1170.3838675055304
279,0.014194139194139194,98.73081603282817,0.0018699316169381438,0.24270980213152393,0.10485347985347984,2.322142545822679,2.32,2.36,2.34,0.040000000000000036,0.4545222617822784,0.05635197023241777,12.671268312588097,-14.144276013144085,4.461852280078528,-22,999.9489759210124,0.0,0.0,7587.720000000014,-100013.61525732095,-92425.89525732094,-5108.713600809894,98725.77838387241,103834.4919846823,1191.169525741585
280,0.014245014245014244,98.77161083803257,0.0004131068810735363,0.24031436144427817,0.1048026048026048,2.34001097021401,2.34,2.38,2.36,0.040000000000000036,0.4567984433241694,0.056378402780887404,12.68153424916017,-14.166013992669523,4.483319934714746,-17,776.557353651088,0.0,0.0,6417.6200000000135,-77949.96811551816,-71532.34811551815,-3978.018649363817,76701.8207282377,80679.83937760151,1191.4539633557288
281,0.014295889295889295,98.84613637209513,0.0007542393195720714,0.2405561173602479,0.10475172975172975,2.3734882506944643,2.37,2.41,2.39,0.040000000000000036,0.4609788473041653,0.05641089159855031,12.701828515499617,-14.202065211834114,4.524488014076568,-11,507.0767320345818,0.0,0.0,4995.500000000014,-51314.18169748972,-46318.68169748971,-2610.837075763911,50122.57580580661,52733.412881570526,1193.0570325529916
282,0.014346764346764346,98.57598604369784,-0.0027367803943109206,0.2404258050411398,0.10470085470085469,2.250295989421879,2.24,2.2800000000000002,2.2600000000000002,0.040000000000000036,0.4457254224486527,0.056324463154344244,12.607013814462299,-14.078833625735774,4.364719710740798,-6,267.43525346919165,0.0,0.0,3875.4000000000137,-27692.467795689034,-23817.06779568902,-1350.1775936531274,26362.69381357183,27712.871407224957,1195.4484242296821
283,0.014397639397639397,98.7196300115666,0.0014561296000549376,0.2350157298823902,0.10464997964997964,2.3141832043989368,2.3000000000000003,2.34,2.3200000000000003,0.03999999999999959,0.4537972388824094,0.056401241861069595,12.654865497099673,-14.151510364601682,4.446003349553908,-6,267.43525346919165,-4.843089860253997,-4.843089860253997,3875.4000000000137,-27692.467795689034,-23817.06779568902,-1388.509922639362,26401.10927452813,27789.619197167493,1195.5315561997486
284,0.014448514448514449,98.79012864629748,0.0007138749822175386,0.22451792747037091,0.1045991045991046,2.3455937926526644,2.33,2.37,2.35,0.040000000000000036,0.4577515118488647,0.056437189619779345,12.6748587690785,-14.186830223527807,4.484763694094424,-11,503.5266630337512,0.0,0.0,5060.300000000014,-51017.134693893735,-45956.83469389372,-2580.153171917931,49743.463817945165,52323.6169898631,1206.4759521335145
285,0.014499389499389498,98.61821847297655,-0.0017416712037340912,0.22316756901272733,0.10454822954822954,2.2670175967661876,2.2600000000000002,2.3000000000000003,2.2800000000000002,0.040000000000000036,0.4480294304502637,0.05638528649974998,12.613030926623647,-14.109086786345552,4.38233210630728,-2,89.60588609005276,1.4210854715202004e-14,1.4210854715202004e-14,3026.1200000000135,-10199.046089236443,-7172.926089236429,-453.4035193532375,8836.772850893474,9290.176370246712,1210.443242303808
286,0.01455026455026455,98.54535594130157,-0.0007391074665632839,0.21980074613932296,0.10449735449735449,2.233806663201797,2.22,2.2600000000000002,2.24,0.040000000000000036,0.44389635104345454,0.056360583537703894,12.58275621943336,-14.075544208421805,4.337697437648426,-2,89.60588609005276,0.8266158813618603,0.8266158813618603,3026.1200000000135,-10199.046089236443,-7172.926089236429,-446.7613326403594,8830.243939179973,9277.005271820331,1210.5565173031837
287,0.0146011396011396,98.58622386246302,0.00041462582289055546,0.21133966094032963,0.10444647944647945,2.2512776307731954,2.23,2.27,2.25,0.040000000000000036,0.4461746240971041,0.056395862391613906,12.594942620074573,-14.099335802472357,4.359114944686902,-2,89.60588609005276,0.3709612706319376,0.3709612706319376,3026.1200000000135,-10199.046089236443,-7172.926089236429,-450.2555261546391,8833.905945468303,9284.161471622941,1210.7243300772343
288,0.014652014652014652,98.59442008221217,8.313412097552466e-05,0.18580675959607734,0.10439560439560439,2.2542188787310096,2.24,2.2800000000000002,2.2600000000000002,0.040000000000000036,0.4466114436960718,0.05641331363476385,12.594797168879857,-14.106522459921504,4.361562477344461,-5,223.30572184803592,0.0,0.0,3710.0600000000136,-23381.762963770387,-19671.702963770374,-1127.1094393655048,22016.698146646875,23143.80758601238,1217.8857435109967
289,0.014702889702889702,98.5493069120384,-0.0004576678309674593,0.18098263922480795,0.10434472934472934,2.2334116317591537,2.22,2.2600000000000002,2.24,0.040000000000000036,0.4440409517999846,0.05640243607921842,12.574716665489651,-14.08677088665998,4.333073115294344,-10,444.04095179998467,0.0,0.0,4839.960000000014,-45136.1545518005,-40296.19455180049,-2233.411631759154,43759.928040450344,45993.3396722095,1230.3218568907032
290,0.014753764753764753,98.53338373714128,-0.00016158877148841083,0.18040681826558774,0.1042938542938543,2.2256319132716555,2.22,2.2600000000000002,2.24,0.040000000000000036,0.44311664823556146,0.05640657247563682,12.565445866725845,-14.081652009333242,4.321535876915928,-10,444.04095179998467,0.9243035644232123,0.9243035644232123,4839.960000000014,-45136.1545518005,-40296.19455180049,-2225.6319132716553,43752.85749871335,45978.489411985,1231.0310336412076
291,0.014804639804639804,98.49451051127902,-0.0003945961714192741,0.18050598441466756,0.10424297924297923,2.207733701641125,2.2,2.24,2.22,0.040000000000000036,0.44089759362276276,0.056396331384005814,12.54713012315333,-14.064434904626179,4.296714114015631,-3,132.26927808682882,0.0,0.0,3299.8200000000134,-14429.891548060703,-11130.071548060689,-662.3201104923374,13027.797800842449,13690.117911334786,1235.4061422894229
292,0.014855514855514855,98.51817204573244,0.00024020316113676588,0.17020273555157722,0.10419210419210419,2.217465566411164,2.2,2.24,2.22,0.040000000000000036,0.44220568737393195,0.0564240421583355,12.553197892809537,-14.07989721191304,4.308117455435565,1,-44.220568737393194,0.0,0.0,2419.7400000000134,2956.696172838281,5376.436172838295,221.7465566411164,-4356.52959883064,4578.276155471756,1241.6531306487714
293,0.014906389906389905,98.74599746931246,0.0023098520672598494,0.1736694625309317,0.10414122914122914,2.3189545557576494,2.3000000000000003,2.34,2.3200000000000003,0.03999999999999959,0.45505033133939016,0.05654420718353726,12.632011181147838,-14.194970974854273,4.438024750956676,1,-44.220568737393194,1.2844643965458218,1.2844643965458218,2419.7400000000134,2956.696172838281,5376.436172838295,231.89545557576494,-4366.604168634186,4598.4996242099505,1241.7274597798732
294,0.014957264957264956,98.34916984647049,-0.004026767012653091,0.19695879151121934,0.10409035409035408,2.1421134947857112,2.12,2.16,2.14,0.040000000000000036,0.4326218946219096,0.05633234153739029,12.477637584828969,-13.99416321007041,4.205863470162405,-3,129.78656838657287,0.0,0.0,3283.6600000000135,-14157.616983538912,-10873.956983538897,-642.6340484357133,12764.401258041613,13407.035306477326,1247.810226067002
295,0.015008140008140007,98.31270294604717,-0.0003708588789828239,0.1952507892221837,0.10403947903947904,2.125663592585262,2.11,2.15,2.13,0.040000000000000036,0.4305389164280455,0.05631555333178159,12.458578079093044,-13.976377517160378,4.182572352210913,-3,129.78656838657287,0.6248934581592209,0.6248934581592209,3283.6600000000135,-14157.616983538912,-10873.956983538897,-637.6990777755786,12759.668344175974,13397.367421951552,1248.0122828614985
296,0.015059015059015059,98.34001654184283,0.00027778508268159514,0.19472614225293472,0.10398860398860399,2.1367322479905937,2.12,2.16,2.14,0.040000000000000036,0.4320484932472462,0.056351132913266495,12.46727773991148,-13.995007338550744,4.196036227794867,-3,129.78656838657287,0.17202041239900723,0.17202041239900723,3283.6600000000135,-14157.616983538912,-10873.956983538897,-641.019674397178,12763.213282044591,13404.232956441769,1248.2366241085165
297,0.01510989010989011,98.38578225861035,0.00046527418236195014,0.19455011035258465,0.10393772893772893,2.1558508996345367,2.14,2.18,2.16,0.040000000000000036,0.43459994164488314,0.05640009959058005,12.483617716345654,-14.023789179854287,4.220142482876429,-2,86.91998832897663,0.0,0.0,3069.6400000000135,-9940.365844921545,-6870.7258449215315,-431.17017992690734,8551.691045655647,8982.861225582554,1249.795020807208
298,0.01516076516076516,98.32845970573432,-0.0005828002479750879,0.19495243273614565,0.10388685388685388,2.130319267366623,2.11,2.15,2.13,0.040000000000000036,0.4313391254624535,0.05636784292644157,12.455844072527503,-13.994450979238595,4.1848318064436905,6,-258.8034752774721,0.0,0.0,1381.4800000000134,24052.390092849026,25433.87009284904,1278.191560419974,-25447.747090524925,26725.9386509449,1264.31456274409
299,0.01521164021164021,98.05785683985623,-0.002755823744721512,0.19881413795331707,0.10383597883597884,2.0149547836290864,1.99,2.0300000000000002,2.0100000000000002,0.04000000000000026,0.4160872324469376,0.05611507502593585,12.325793401895314,-13.833203531957066,4.02734774847984,11,-457.69595569163135,0.0,0.0,386.3800000000135,43554.38531530602,43940.76531530603,2216.450261991995,-44880.684499391165,47097.13476138316,1276.5310779068604
300,0.015262515262515262,98.1084177699058,0.0005154905578931925,0.19897725486327447,0.10378510378510378,2.0353588189382705,2.0,2.04,2.02,0.040000000000000036,0.4188939053481989,0.05618398625314564,12.347606974979328,-13.86824392279858,4.054018379852952,9,-377.00451481337905,0.0,0.0,794.3400000000136,35637.47989768718,36431.81989768719,1831.8229370444435,-36987.31644045163,38819.139377496074,1276.3263942800113
301,0.015313390313390313,98.37478417280649,0.002711341869909789,0.20769117739581008,0.10373422873422873,2.1482207140296268,2.12,2.16,2.14,0.040000000000000036,0.43386561841396765,0.056444259212014736,12.46614361611314,-14.029789908622767,4.204681885090135,3,-130.1596855241903,0.0,0.0,2090.220000000014,11352.958926849704,13443.178926849718,644.466214208888,-12804.430971442585,13448.897185651473,1283.2141696160197
302,0.015364265364265363,98.13836778255427,-0.0024061138092646085,0.2149977405135598,0.10368335368335369,2.046516599321116,2.02,2.06,2.04,0.040000000000000036,0.42051383102156115,0.056241613225606446,12.355694102287204,-13.892874030930155,4.066671028780941,-6,252.3082986129367,0.0,0.0,3944.0400000000136,-26183.701504636414,-22239.661504636402,-1227.9099595926696,24761.12460386691,25989.03456345958,1293.5531396378356
303,0.015415140415140414,98.27156441341629,0.0013563127871561603,0.21602968476464032,0.10363247863247863,2.102315945591762,2.09,2.13,2.11,0.040000000000000036,0.42798394541686763,0.05638421343805769,12.41457430659031,-13.976493425570903,4.140774127876013,-5,213.9919727084338,0.0,0.0,3735.0200000000136,-22418.484485691064,-18683.46448569105,-1051.157972795881,21029.32592997087,22080.48390276675,1294.7034714839392
304,0.015466015466015465,98.22099566231678,-0.0005147141672592554,0.21587699921743875,0.10358160358160358,2.080035805178582,2.07,2.11,2.09,0.040000000000000036,0.4251032257515379,0.05635038882388718,12.38827657276177,-13.9493921537257,4.109499263387597,-2,85.02064515030759,0.0,0.0,3113.9600000000137,-9751.425665651346,-6637.4656656513325,-416.0071610357164,8350.812418515736,8766.819579551453,1297.339591828687
305,0.015516890516890517,98.21162330904056,-9.542563075685867e-05,0.21293839788238672,0.10353072853072852,2.075344597899843,2.06,2.1,2.08,0.040000000000000036,0.42454437930320443,0.05635437294141363,12.380704311860978,-13.946727985741202,4.101871733948958,5,-212.27218965160222,0.0,0.0,1671.8200000000136,19444.726357795444,21116.546357795458,1037.6722989499215,-20847.596329048374,21885.268627998295,1306.622327697005
306,0.015567765567765566,98.04957122530155,-0.0016513923799473596,0.21605664044267028,0.10347985347985347,2.00658107397566,1.98,2.02,2.0,0.040000000000000036,0.41539271224262553,0.056195002635028815,12.298937073805108,-13.848328874636506,4.00699823848238,0,0.0,0.0,0.0,2681.7200000000134,-1369.5114804589684,1312.208519541045,0.0,0.0,0.0,1312.208519541045
307,0.015618640618640618,97.99820465614187,-0.000524020944426872,0.21586611172698544,0.10342897842897843,1.9846149820196786,1.96,2.0,1.98,0.040000000000000036,0.41247418099284183,0.05614675907365325,12.269471258639756,-13.817714235542992,3.9755114577695507,4,-164.98967239713673,0.0,0.0,1897.6400000000135,14798.37176668135,16696.011766681364,793.8459928078714,-16168.691681724405,16962.537674532276,1321.1660777648285
308,0.01566951566951567,98.19840545358647,0.002040818817593386,0.2210123956665806,0.10337810337810337,2.0676098722519782,2.04,2.08,2.06,0.040000000000000036,0.4237066909006396,0.05638047233802811,12.364849151526329,-13.94767525542673,4.087540388591146,13,-550.8186981708315,0.0,0.0,61.46000000001345,52684.27248561346,52745.73248561347,2687.8928339275717,-54089.51785439598,56777.41068832355,1344.107465145069
309,0.01572039072039072,98.2883079150148,0.000915099714995948,0.2220144846344476,0.10332722832722832,2.1052177102357987,2.07,2.11,2.09,0.040000000000000036,0.4287494585231301,0.05647770103254042,12.402755658257126,-14.004430349104247,4.136792493318827,4,-171.49978340925202,2.842170943040401e-14,2.842170943040401e-14,1960.2800000000132,15399.794062823486,17360.0740628235,842.0870840943195,-16856.423519086908,17698.51060318123,1345.737627830913
310,0.01577126577126577,98.55593001362232,0.0027191272278603955,0.22859312966824957,0.10327635327635327,2.2212655614303145,2.2,2.24,2.22,0.040000000000000036,0.4438657980544545,0.056686069176584565,12.510234159509759,-14.15518036137363,4.2884825072823665,4,-171.49978340925202,6.046535812529783,6.046535812529783,1960.2800000000132,15399.794062823486,17360.0740628235,888.5062245721258,-16902.320651033628,17790.826875605755,1346.2596363619996
311,0.015822140822140823,98.73826777855808,0.0018483849894191857,0.2318004360824415,0.10322547822547821,2.3024171099667967,2.2800000000000002,2.32,2.3,0.03999999999999959,0.4541863196789977,0.05678479837251654,12.572240498779507,-14.248199447774656,4.391537349139375,4,-171.49978340925202,10.174744462347064,10.174744462347064,1960.2800000000132,15399.794062823486,17360.0740628235,920.9668439867187,-16933.59153822744,17854.55838221416,1347.4493685827802
312,0.015873015873015872,98.80640227396734,0.000689813580825995,0.23203416640198676,0.10317460317460317,2.3327681375663545,2.31,2.35,2.33,0.040000000000000036,0.4580331741229247,0.056820366339582165,12.591274432026268,-14.282712502076299,4.428650356788817,0,0.0,0.0,0.0,2900.200000000013,-1546.3297904388128,1353.8702095612002,0.0,0.0,0.0,1353.8702095612002
313,0.01592389092389092,99.07724206317364,0.0027373657811308565,0.22850961320812468,0.10312372812372812,2.4581740016579374,2.44,2.48,2.46,0.040000000000000036,0.4734096816749581,0.056868014650448155,12.664766018052642,-14.398169399337993,4.583432231546127,6,-284.0458090049749,0.0,0.0,1436.0800000000131,26594.73846160828,28030.818461608294,1474.9044009947625,-28142.475375815884,29617.379776810645,1363.2474867871715
314,0.015974765974765975,99.14559591861847,0.0006896668300198927,0.22254369683657044,0.10307285307285306,2.489932354242157,2.46,2.5,2.48,0.040000000000000036,0.4772784163109855,0.05687699707763018,12.67799255116825,-14.426636161486744,4.6207684389962385,6,-284.0458090049749,2.321240781616382,2.321240781616382,1436.0800000000131,26594.73846160828,28030.818461608294,1493.959412545294,-28161.89100198432,29655.850414529614,1362.886872169267
315,0.016025641025641024,99.27457628728591,0.001300073328233194,0.22390816022586862,0.10302197802197802,2.5512286660577317,2.52,2.56,2.54,0.040000000000000036,0.4845966049936486,0.05686702669714403,12.702499042489793,-14.47401952359998,4.693361328806042,9,-436.1369444942837,0.0,0.0,680.0200000000132,41692.766555209964,42372.786555209976,2296.1057994519583,-43297.31036790155,45593.416167353505,1371.581986760386
316,0.016076516076516077,99.22846682058851,-0.0004645718957730387,0.22229021085949238,0.10297110297110296,2.5282089560611496,2.5,2.54,2.52,0.040000000000000036,0.48195709584330393,0.05689170515590748,12.689939698828587,-14.462079112156271,4.664143528146785,4,-192.78283833732158,0.0,0.0,1949.9200000000133,17543.904324017454,19493.824324017467,1011.2835824244598,-19129.545477533793,20140.829059958254,1375.5624289081352
317,0.016127391127391127,99.23890885933311,0.00010522675294586047,0.21804979841728409,0.10292022792022791,2.532508650905797,2.5100000000000002,2.5500000000000003,2.5300000000000002,0.040000000000000036,0.48253414208501155,0.05690344465321088,12.688957372012291,-14.468890200580386,4.667808313756663,-3,144.76024262550342,-2.842170943040401e-14,-2.842170943040401e-14,3734.7800000000134,-15955.177594103221,-12220.397594103208,-759.752595271739,14365.848524367282,15125.60111963902,1385.6983349923357
318,0.016178266178266176,99.13044193756572,-0.0010935855981937521,0.21630919832183526,0.10286935286935286,2.479770172230417,2.46,2.5,2.48,0.040000000000000036,0.47634243765693507,0.05693414824066743,12.661804424045876,-14.434294469866355,4.602402229789216,-11,523.9766814226286,0.0,0.0,5734.6200000000135,-53548.950356710484,-47814.330356710474,-2727.7471894534583,51942.03999440426,54669.78718385772,1399.9624482403233
319,0.01622914122914123,99.28457540722708,0.0015536475285808605,0.2186561470462009,0.1028184778184778,2.553129576656687,2.5500000000000003,2.59,2.5700000000000003,0.03999999999999959,0.48509971347416103,0.05692027102655862,12.691833787481947,-14.490511149810056,4.689529130606809,-11,523.9766814226286,-9.633003398948404,-9.633003398948404,5734.6200000000135,-53548.950356710484,-47814.330356710474,-2808.4425343223556,52022.802338333575,54831.24487265593,1400.0294473007452
320,0.01628001628001628,99.10124943614214,-0.0018481766367401545,0.2226002237597013,0.10276760276760276,2.4644208739002664,2.46,2.5,2.48,0.040000000000000036,0.4746424502137029,0.05696415470517395,12.648494142304882,-14.430112351200686,4.580684917326686,-11,523.9766814226286,1.8699861875554689,1.8699861875554689,5734.6200000000135,-53548.950356710484,-47814.330356710474,-2710.8629612902932,51926.74380438591,54637.6067656762,1401.5504863851384
321,0.016330891330891332,99.22306606246018,0.001228458964613353,0.2144237077111415,0.10271672771672771,2.5219264186064123,2.52,2.56,2.54,0.040000000000000036,0.4815635948484515,0.0569626350146766,12.672993528294082,-14.47679554035474,4.648988880850358,-17,818.6581112423676,0.0,0.0,7270.500000000014,-82789.60729484358,-75519.10729484356,-4287.2749116309005,81229.76785437031,85517.0427660012,1423.3856478958478
322,0.01638176638176638,99.19346592570946,-0.0002983636159108338,0.21258055184554406,0.10266585266585265,2.5069609510750297,2.5100000000000002,2.5500000000000003,2.5300000000000002,0.040000000000000036,0.47985972048505304,0.05698196304121943,12.663455729189135,-14.469935614638393,4.629407384301725,-11,527.8456925335583,0.0,0.0,5764.380000000014,-53944.35788346545,-48179.977883465435,-2757.6570461825327,52358.84371636003,55116.500762542564,1421.2087867120645
323,0.01643264143264143,99.37602185114486,0.0018387112633687398,0.21567573835416742,0.1026149776149776,2.5947722361806242,2.59,2.63,2.61,0.040000000000000036,0.4902430843427736,0.0569469526773525,12.696006602445935,-14.532188934335585,4.732975796220912,-16,784.3889349484377,0.0,0.0,7079.280000000013,-79439.87945979324,-72360.59945979323,-4151.635577888999,77949.4519392322,82101.0875171212,1437.2169015499676
324,0.016483516483516484,99.49326112537253,0.0011790587873086965,0.2123552771823975,0.10256410256410256,2.6518981491453673,2.65,2.69,2.67,0.040000000000000036,0.4969031258151361,0.056909260365582866,12.71125229054089,-14.568550367636979,4.798627107855775,-16,784.3889349484377,-10.656066355780013,-10.656066355780013,7079.280000000013,-79439.87945979324,-72360.59945979323,-4243.037038632588,78041.41312867776,82284.45016731034,1437.7766302519449
325,0.016534391534391533,99.77799372812656,0.002857740788957456,0.21913939697830007,0.1025132275132275,2.794942756092915,2.8000000000000003,2.84,2.8200000000000003,0.03999999999999959,0.5130725320905187,0.05673217332539339,12.738008760699936,-14.636262406397623,4.961476716667246,-13,666.9942917176743,0.0,0.0,6239.220000000014,-67727.06315389727,-61487.84315389725,-3633.4255829207896,66551.35225570232,70184.77783862311,1430.083518884283
326,0.016585266585266583,99.89255739452251,0.0011475270471625765,0.21992157547302493,0.10246235246235245,2.853348608411295,2.85,2.89,2.87,0.040000000000000036,0.5195583579063394,0.056643458085808486,12.740985646133927,-14.659210114121644,5.025436622904095,-18,935.205044231411,0.0,0.0,7684.1200000000135,-94520.66075610324,-86836.54075610323,-5136.027495140332,93420.02355653318,98556.05105167351,1447.4553052896226
327,0.016636141636141636,99.6465234757629,-0.002466023621736096,0.2287170274791811,0.10241147741147741,2.7264927263735217,2.73,2.77,2.75,0.040000000000000036,0.5055844699844979,0.056860197685292754,12.720494082866388,-14.616126681756159,4.880238919833014,-18,910.0520459720963,0.0,0.0,7684.1200000000135,-92014.37724501219,-84330.25724501218,-4907.686907472339,90683.52256312456,95591.20947059689,1445.5784106400388
328,0.016687016687016686,99.63613503805111,-0.00010425832130800943,0.22827087340466998,0.10236060236060235,2.7204999981532723,2.72,2.7600000000000002,2.74,0.040000000000000036,0.5049822411884292,0.05688139341040999,12.716262533238131,-14.617184843360423,4.871748336322246,-18,910.0520459720963,1.0840118329238067,1.0840118329238067,7684.1200000000135,-92014.37724501219,-84330.25724501218,-4896.89999667589,90674.06854413048,95570.96854080637,1446.911302442415
329,0.01673789173789174,99.45314254337808,-0.0018382963505499434,0.23300776954572433,0.1023097273097273,2.62830365017593,2.63,2.67,2.65,0.040000000000000036,0.4945491894451179,0.05699934575968079,12.68955814395267,-14.57451222707593,4.763148789481562,-25,1236.3729736127948,0.0,0.0,9552.980000000014,-124469.64165863652,-114916.66165863651,-6570.759125439824,122961.17758149351,129531.93670693334,1473.7567974171689
330,0.016788766788766788,99.3723721749051,-0.0008124749283871881,0.23378239424932393,0.10225885225885226,2.587804316715882,2.6,2.64,2.62,0.040000000000000036,0.48992867817361924,0.05704700525764216,12.673242930830297,-14.554577748580353,4.713884664536209,-28,1371.8002988861338,0.0,0.0,10344.920000000015,-137928.04911507916,-127583.12911507915,-7245.85208680447,136319.04985055892,143564.90193736338,1490.0686486753111
331,0.016839641839641838,99.60838374199925,0.002372206062676363,0.23869034344562684,0.1022079772079772,2.7042772395965784,2.72,2.77,2.745,0.04999999999999982,0.5033677312923255,0.05694211846409494,12.703777569952358,-14.620981997582362,4.848273103619182,-28,1409.4296476185114,0.0,0.0,10344.920000000015,-141676.43513350576,-131331.51513350575,-7571.976270870419,140391.00919733546,147962.98546820588,1487.51779295929
332,0.01689051689051689,99.70816304529143,0.0010012145327189957,0.23471494122155717,0.10215710215710215,2.754041217409153,2.77,2.82,2.795,0.04999999999999982,0.5090354966080133,0.056886731338342045,12.710529897081994,-14.64637330564523,4.903638266841719,-24,1221.685191859232,0.0,0.0,9236.840000000015,-122957.71631055031,-113720.8763105503,-6609.698921781966,121811.98629991844,128421.6852217004,1481.4110675861739
333,0.01694139194139194,99.59894776750443,-0.0010959497458293945,0.21553946895615153,0.1021062271062271,2.698042203603258,2.71,2.75,2.73,0.040000000000000036,0.5028062868802239,0.05697650101493096,12.696387990573287,-14.625557042653783,4.837888499461227,-24,1221.685191859232,14.950103346694732,14.950103346694732,9236.840000000015,-122957.71631055031,-113720.8763105503,-6475.301288647819,121678.55961232127,128153.8609009691,1482.3820131231478
334,0.016992266992266993,99.44072024344314,-0.0015899097800280693,0.21927674082095733,0.10205535205535204,2.6184559498445097,2.63,2.67,2.65,0.040000000000000036,0.49376960724948055,0.05707583381750938,12.671827528203973,-14.587931439425553,4.743772535373827,-24,1185.0470573987532,0.0,0.0,9236.840000000015,-119314.57599754815,-110077.73599754814,-6284.2942796268235,117841.93291010492,124126.22718973174,1479.9026329299668
335,0.017043142043142043,99.44591567033359,5.2245108050990354e-05,0.21934303207623818,0.102004477004477,2.620279742002097,2.63,2.67,2.65,0.040000000000000036,0.4940518889904996,0.05708769946319162,12.669467397961633,-14.592774690944692,4.7443468309100965,-24,1185.0470573987532,-0.677476178445886,-0.677476178445886,9236.840000000015,-119314.57599754815,-110077.73599754814,-6288.671380805034,117848.08973545338,124136.76111625842,1481.6823571002024
336,0.017094017094017092,99.25633308405746,-0.0019082083367565974,0.22474926843124998,0.10195360195360195,2.526902931405786,2.5300000000000002,2.58,2.555,0.04999999999999982,0.48320530760059877,0.05716665824627788,12.632360572529352,-14.53801938090501,4.632188908815553,-29,1401.2953920417365,0.0,0.0,10526.740000000014,-140779.66593058142,-130252.9259305814,-7328.018501076779,139087.44218164947,146415.46068272626,1506.4977499912784
337,0.017144892144892145,99.15193643982337,-0.0010523417609441966,0.22586759468580445,0.10190272690272689,2.476031615661441,2.49,2.5300000000000002,2.5100000000000002,0.040000000000000036,0.47721783729604317,0.05719846350716791,12.606520958601696,-14.5050661310775,4.569424360749856,-29,1383.9317281585252,0.0,0.0,10526.740000000014,-139058.1111149157,-128531.37111491567,-7180.491685418178,137219.510747429,144400.0024328472,1507.64794709516
338,0.017195767195767195,99.20057301883253,0.0004904054918853391,0.21530040378498852,0.10185185185185185,2.4985705973058643,2.5100000000000002,2.56,2.535,0.04999999999999982,0.4799818738692313,0.05720599446720097,12.614252262851323,-14.525710570462929,4.595138607601146,-29,1383.9317281585252,-8.015706062245727,-8.015706062245727,10526.740000000014,-139058.1111149157,-128531.37111491567,-7245.854732187007,137286.82045226888,144532.67518445587,1509.594605166203
339,0.017246642246642244,99.38065696901968,0.0018137061550491862,0.2179381133486119,0.1018009768009768,2.585192969416802,2.6,2.65,2.625,0.04999999999999982,0.49026474202150117,0.05717158258880859,12.646156935806317,-14.587427786288702,4.6968567359602815,-32,1568.8471744688038,0.0,0.0,11321.680000000015,-157436.04850387757,-146114.36850387754,-8272.617502133766,155913.06288269997,164185.68038483374,1526.0768766886613
340,0.017297517297517297,99.4757168021505,0.0009560653105449047,0.21148588506376953,0.10175010175010174,2.6313121040880247,2.65,2.7,2.675,0.050000000000000266,0.49568374240645324,0.05714489804442918,12.658118287625335,-14.617982187965326,4.749408168393003,-36,1784.4614726632315,0.0,0.0,12401.600000000015,-178885.50778890416,-166483.90778890415,-9472.723574716889,177510.58409899604,186983.30767371293,1553.9527353750018
341,0.017348392348392347,99.1187772196128,-0.0035946612583401863,0.22078868872108454,0.1016992266992267,2.4572882253457635,2.47,2.5300000000000002,2.5,0.06000000000000005,0.4752454333868577,0.05725790780116542,12.585998562319714,-14.506247124958254,4.540713653048325,-32,1520.7853868379448,0.0,0.0,11413.520000000015,-152751.5633424085,-141338.0433424085,-7863.322321106443,150738.3879568329,158601.71027793936,1537.0222933179757
342,0.0173992673992674,99.1662082352766,0.00047841258842281953,0.21939861736177613,0.10164835164835165,2.47915503006584,2.49,2.54,2.515,0.04999999999999982,0.4779428591461292,0.057267607129404416,12.593877757318857,-14.526950505157789,4.5657010010702175,-37,1768.388578840678,0.0,0.0,12683.420000000015,-177306.66073375562,-164623.2407337556,-9172.873611243609,175364.39005019952,184537.26366144314,1568.2757052002999
343,0.01745014245014245,99.17749776845694,0.000113838078556254,0.2187443150448834,0.10159747659747659,2.4838150810084443,2.5,2.56,2.5300000000000002,0.06000000000000005,0.47857124618995206,0.05728035014621536,12.593242319312134,-14.53434821077038,4.569822353949238,-29,1387.856613950861,0.0,0.0,10683.260000000015,-139568.3396454742,-128885.07964547418,-7203.063734924488,137644.14623304972,144847.2099679742,1556.0028526510578
344,0.0175010175010175,99.24201145786972,0.0006502756905069526,0.2187784749599236,0.10154660154660154,2.514068009865163,2.5300000000000002,2.57,2.55,0.03999999999999959,0.4822490568117617,0.057283419724908774,12.603992241130065,-14.560136361062437,4.604660949834247,-34,1639.6467931599898,0.0,0.0,11968.160000000014,-164557.75290371812,-152589.59290371812,-8547.831233541554,162721.84583364305,171269.6770671846,1584.4216963833896
345,0.017551892551892552,99.49410226267842,0.002536941427458466,0.21997801554918683,0.1014957264957265,2.6367132519293435,2.65,2.71,2.6799999999999997,0.06000000000000005,0.49666620967780145,0.05720724122467455,12.644920917546125,-14.640005094089195,4.747832599782285,-34,1688.665112904525,0.0,0.0,11968.160000000014,-169435.03047281143,-157466.87047281142,-8964.825056559768,168012.2194307402,176977.04448729995,1580.5239013690152
346,0.0176027676027676,99.17257979964556,-0.0032368058942614996,0.23371442796670616,0.10144485144485144,2.4792433668069904,2.49,2.5500000000000003,2.5200000000000005,0.06000000000000005,0.47823488120512003,0.057323644494306936,12.582580189408887,-14.5426777829515,4.5597983233439505,-31,1482.5281317358722,0.0,0.0,11221.100000000015,-148992.9164150159,-137771.8164150159,-7685.65443710167,147026.13944979524,154711.79388689692,1568.6685976776644
347,0.017653642653642655,99.08071429955889,-0.0009267488550849757,0.23180433185283517,0.10139397639397639,2.434813768756001,2.45,2.5,2.475,0.04999999999999982,0.47294888338023877,0.057344562708905346,12.557562232106864,-14.511917305972068,4.504457761065704,-38,1797.2057568449075,0.0,0.0,12970.960000000015,-180172.95920910142,-167201.9992091014,-9252.292321272804,178068.4301314728,187320.7224527456,1614.138601098588
348,0.017704517704517704,99.17270856151895,0.0009280472158821664,0.23182432570062195,0.10134310134310134,2.477824879426734,2.49,2.5500000000000003,2.5200000000000005,0.06000000000000005,0.4782057733898369,0.05735211083592265,12.576234519607725,-14.549460423546298,4.5550822517022524,-38,1817.1819388813801,0.0,0.0,12970.960000000015,-182154.15034298034,-169183.19034298032,-9415.73454182159,180214.85482793904,189630.58936976062,1615.9299431371328
349,0.017755392755392754,98.92696447085511,-0.0024810158740531467,0.23233386077716775,0.10129222629222628,2.361305147632706,2.38,2.43,2.4050000000000002,0.050000000000000266,0.4640891918279672,0.057361486026693206,12.50974789183023,-14.456164119625022,4.411238961064721,-38,1763.5389289462755,0.0,0.0,12970.960000000015,-176847.67554202743,-163876.7155420274,-8972.959561004282,174461.55296683806,183434.51252784234,1611.8778638063814
350,0.017806267806267807,99.15642873256822,0.002316846058065799,0.2343901164635818,0.10124135124135124,2.46856721769133,2.49,2.54,2.515,0.04999999999999982,0.47723507972747425,0.05738253057952043,12.566144915167596,-14.550321495551493,4.5409134268638125,-33,1574.8757631006652,0.0,0.0,11725.860000000015,-158141.44514168438,-146415.58514168437,-8146.2718183813895,156159.05636654008,164305.32818492147,1597.199406474334
351,0.017857142857142856,99.213839544039,0.0005788247762375855,0.23426090672886513,0.10119047619047619,2.4953188599251774,2.5100000000000002,2.56,2.535,0.04999999999999982,0.4805115504902009,0.05738874213618804,12.575739724734754,-14.574130370371588,4.571591125957971,-33,1574.8757631006652,-10.812353516997746,-10.812353516997746,11725.860000000015,-158141.44514168438,-146415.58514168437,-8234.552237753085,156249.47126206537,164484.02349981846,1599.3338826279214
352,0.017908017908017906,99.3458075931949,0.0013292536574262739,0.22813066647118463,0.10113960113960113,2.558486921340389,2.57,2.63,2.5999999999999996,0.06000000000000005,0.4880672445904624,0.05736974106991784,12.598704688481329,-14.62100115085595,4.645235446313674,-38,1854.6555294437571,0.0,0.0,13040.760000000015,-185937.781724616,-172897.021724616,-9722.250301093478,184252.25137977453,193974.501680868,1632.9793540650571
353,0.01795889295889296,99.25692151913373,-0.0008951143863259618,0.2286755421335145,0.10108872608872609,2.5145887391787127,2.5300000000000002,2.59,2.56,0.05999999999999961,0.4829496097110204,0.05740878220370668,12.578398263919812,-14.595651791837414,4.5916018520148425,-35,1690.3236339885716,0.0,0.0,12281.700000000015,-169627.51922823268,-157345.81922823266,-8801.060587125494,167776.32028074056,176577.38086786604,1629.4404653824167
354,0.018009768009768008,99.38382835203873,0.0012777524274704293,0.22861189472663018,0.10103785103785104,2.575595852995157,2.59,2.65,2.62,0.06000000000000005,0.49021767878559414,0.05738508430136422,12.599034052956734,-14.639462068329435,4.662302095444975,-45,2205.9795545351735,0.0,0.0,14931.500000000015,-220877.9411175235,-205946.44111752347,-11590.181338478205,219238.69339603055,230828.87473450875,1702.070940028876
355,0.01806064306064306,99.55067837142262,0.001677437074698717,0.2312658247932902,0.10098697598697598,2.6574399022778437,2.68,2.75,2.715,0.06999999999999984,0.4997733640775775,0.057320557712380316,12.620800545357781,-14.689105796895825,4.7560157195956325,-42,2099.0481291258257,0.0,0.0,14127.440000000015,-210233.37743359667,-196105.93743359667,-11161.247589566943,208961.66518874143,220122.91277830838,1694.4801655778138
356,0.01811151811151811,99.58714382494188,0.0003662333305110116,0.23135294266447995,0.10093610093610093,2.6749546130264292,2.7,2.7600000000000002,2.7300000000000004,0.06000000000000005,0.5018508297997728,0.057313399901948135,12.622109140708073,-14.701612906361307,4.7745739381040595,-42,2099.0481291258257,-8.725356033220123,-8.725356033220123,14127.440000000015,-210233.37743359667,-196105.93743359667,-11234.809374711003,209038.20793072876,220273.01730543977,1697.461122421082
357,0.01816239316239316,99.62386070404358,0.0003686230045797082,0.22980782437607683,0.10088522588522589,2.6926711592495565,2.71,2.7800000000000002,2.745,0.07000000000000028,0.5039429351876833,0.05730453852413293,12.62309953624465,-14.713812190803521,4.793265875754612,-52,2620.5032629759535,0.0,0.0,16907.240000000016,-262185.34852037113,-245278.1085203711,-14001.890028097694,261064.65204520806,275066.54207330575,1784.6534967392508
358,0.018213268213268213,99.66621216766468,0.00042502332051383673,0.22757031684741325,0.10083435083435083,2.7133161208569874,2.74,2.82,2.7800000000000002,0.07999999999999963,0.5063580293932431,0.05729015794510907,12.624294387203616,-14.726887956394146,4.8151902150412615,-49,2481.1543440268915,0.0,0.0,16085.180000000017,-248297.66401800528,-232212.48401800526,-13295.248992199236,247287.25527250706,260582.50426470628,1779.5222623025766
359,0.018264143264143263,99.53136064930442,-0.0013539476114472185,0.22564596358814634,0.10078347578347578,2.64480648067768,2.67,2.74,2.705,0.07000000000000028,0.4986132321500098,0.05738919777537129,12.605557249296286,-14.697976808891845,4.735094618122423,-49,2443.204837535048,0.0,0.0,16085.180000000017,-244520.68685920333,-228435.5068592033,-12959.551755320632,243175.50182482606,256135.0535801467,1780.4432103021245
360,0.018315018315018316,99.5084017632614,-0.00023069647859837777,0.22428198437362493,0.10073260073260072,2.6326264610957963,2.66,2.73,2.6950000000000003,0.06999999999999984,0.4972819676888871,0.057415946809966374,12.599251941446877,-14.695405267446297,4.7194338925134325,-49,2443.204837535048,6.523195859500902,6.523195859500902,16085.180000000017,-244520.68685920333,-228435.5068592033,-12899.869659369404,243119.40856338135,256019.27822275076,1784.0320448086422
361,0.018365893365893365,99.48466857884384,-0.00023853277392302583,0.22423467073968834,0.10068172568172568,2.620093155623316,2.65,2.72,2.685,0.07000000000000028,0.49590527915705523,0.05744245930005036,12.59269462366381,-14.692468684059966,4.703334651642581,-43,2132.3927003753374,0.0,0.0,14495.060000000018,-213601.19045571017,-199106.13045571014,-11266.400569180258,212140.3810767863,223406.78164596655,1767.85005189589
362,0.018416768416768415,99.54461829383511,0.0006024210581899001,0.2208981117296119,0.10063085063085063,2.6491773659968203,2.67,2.74,2.705,0.07000000000000028,0.49933499171235546,0.05742532001886194,12.597745195119312,-14.711786173713081,4.735379274840508,-43,2132.3927003753374,-14.747763987791132,-14.747763987791132,14495.060000000018,-213601.19045571017,-199106.13045571014,-11391.462673786327,212268.21741142328,223659.6800852096,1770.6242819268082
363,0.018467643467643468,99.70099782817371,0.001569716508621461,0.22210771826590303,0.10057997557997557,2.727214496181361,2.75,2.82,2.785,0.06999999999999984,0.5082967475750977,0.05733742505166698,12.611635252395002,-14.751813451914762,4.822857949524592,-43,2185.67601457292,0.0,0.0,14495.060000000018,-218913.8556687809,-204418.79566878086,-11727.022333579853,217914.07958202605,229641.10191560592,1768.2615796653263
364,0.018518518518518517,99.53560769554477,-0.0016602387918043654,0.2156676506710594,0.10052910052910052,2.643183347312835,2.67,2.73,2.7,0.06000000000000005,0.4987912127231185,0.057459391270006516,12.59019460287375,-14.71640952531431,4.7253003140811085,-43,2144.80221470941,0.0,0.0,14495.060000000018,-214845.66058046574,-200350.60058046572,-11365.68839344519,213484.1918278514,224849.8802212966,1767.9028539404972
365,0.018569393569393567,99.516164427632,-0.00019535890353706054,0.2138704692695792,0.10047822547822548,2.632747550152253,2.65,2.72,2.685,0.07000000000000028,0.4976604587989997,0.057484440647714144,12.584391048571941,-14.714795540863134,4.711676443895965,-42,2090.173926955799,0.0,0.0,14230.040000000017,-209409.53473386072,-195179.49473386072,-11057.539710639461,208006.09219728256,219063.631907922,1769.0577527823916
366,0.01862026862026862,99.74785724865883,0.00232548679377074,0.21346563344849226,0.10042735042735042,2.7488421625086374,2.77,2.84,2.8049999999999997,0.06999999999999984,0.510952459311663,0.05734480770112234,12.605960343832948,-14.771901171525462,4.842362880467581,-39,1992.7145913154857,0.0,0.0,13398.980000000018,-199688.6609028566,-186289.68090285658,-10720.484433783686,198769.01059185658,209489.49502564027,1758.8452552163217
367,0.01867114367114367,99.63161641171334,-0.0011660262511652962,0.21512533303048598,0.10037647537647537,2.689085902577382,2.71,2.77,2.74,0.06000000000000005,0.5042697582491312,0.05744462029403374,12.592105056210022,-14.750406857318664,4.773114726176899,-46,2319.6408879460037,0.0,0.0,15337.840000000018,-232262.4848934194,-216924.64489341938,-12369.795151855958,231109.57116076237,243479.36631261834,1815.13111548702
368,0.018722018722018723,99.50322807954198,-0.001289461422873972,0.2130437240711716,0.10032560032560031,2.6240683339955524,2.65,2.72,2.685,0.07000000000000028,0.49687581151306387,0.057534853786007936,12.573025674131939,-14.721776372243356,4.696911412501994,-50,2484.3790575653193,0.0,0.0,16425.760000000017,-248655.2841574397,-232229.52415743968,-13120.341669977763,247203.73600095953,260324.0776709373,1853.870173542091
369,0.018772893772893772,99.53490105358063,0.00031826036994880353,0.21228873967087034,0.10027472527472527,2.639085239455042,2.67,2.74,2.705,0.07000000000000028,0.4986846403894882,0.057532585946793356,12.574155727654736,-14.733625406501709,4.712655494782522,-50,2484.3790575653193,-9.04414438212143,-9.04414438212143,16425.760000000017,-248655.2841574397,-232229.52415743968,-13195.42619727521,247282.42367435194,260477.84987162714,1857.4733196370653
370,0.01882376882376882,99.66695227478871,0.0013258033330968942,0.2075951408590351,0.10022385022385022,2.704687261537906,2.73,2.81,2.77,0.08000000000000007,0.5062653473471405,0.05746416535206849,12.58615926143282,-14.768917586073407,4.786013267869916,-50,2531.3267367357025,0.0,0.0,16425.760000000017,-253334.65021333133,-236908.89021333132,-13523.436307689532,252289.62106213393,265813.05736982345,1857.2945411130786
371,0.018874643874643875,99.66881939918872,1.873346047621415e-05,0.20634902602435717,0.10017297517297516,2.704881142420028,2.73,2.81,2.77,0.08000000000000007,0.5063613747410614,0.057477459973581856,12.583152183906348,-14.772837628188956,4.784617836663356,-50,2531.3267367357025,-0.4801369696042457,-0.4801369696042457,16425.760000000017,-253334.65021333133,-236908.89021333132,-13524.405712100139,252294.34736404847,265818.7530761486,1861.0514386169962
372,0.018925518925518924,99.87696487924059,0.00208619346477752,0.2100211366688928,0.10012210012210011,2.8107682220857484,2.84,2.92,2.88,0.08000000000000007,0.5182997058633183,0.057319164496529226,12.594564513712738,-14.81623448351253,4.901520794117632,-50,2591.4985293165914,0.0,0.0,16425.760000000017,-259344.72671645443,-242918.96671645442,-14053.841110428744,258831.00759715683,272884.8487075856,1858.1997702736699
373,0.018976393976393977,100.01141728727801,0.0013452750665888696,0.20834145007307403,0.10007122507122507,2.8802177155704243,2.91,2.99,2.95,0.08000000000000007,0.5259910654971984,0.057195281771176935,12.594799689762143,-14.838916845977344,4.976031081657838,-53,2787.7526471351516,0.0,0.0,17322.700000000015,-278973.3605705766,-261650.6605705766,-15265.15389252325,278807.0932863475,294072.2471788708,1891.278823247645
374,0.019027269027269027,100.14369759882639,0.0013217781707205744,0.20998658080463184,0.10002035002035001,2.9495402176393455,2.98,3.0700000000000003,3.0250000000000004,0.0900000000000003,0.5335424055612459,0.05705331698704405,12.590390349410136,-14.85623897809429,5.049164206992147,-60,3201.2544333674755,0.0,0.0,19471.560000000016,-320385.0288874929,-300913.4688874929,-17697.241305836073,320585.4559120548,338282.6972178909,1974.7457187258406
375,0.019078144078144076,100.23089230452538,0.0008703170521257964,0.20490224383479355,0.09996947496947496,2.995522809776574,3.04,3.13,3.085,0.08999999999999986,0.5385091728527845,0.0569537680735779,12.58391417948858,-14.866126897623726,5.096417052064498,-58,3123.3532025461504,0.0,0.0,18863.520000000015,-312577.3094161445,-293713.7894161445,-17374.03229670413,313056.47847339767,330430.5107701018,1968.6567605490563
376,0.01912901912901913,100.5977385514816,0.003653330238938927,0.21633910182708518,0.09991859991859992,3.196136615436636,3.24,3.33,3.285,0.08999999999999986,0.5593041278800329,0.05639515906040428,12.545479999095956,-14.872642260576859,5.302539593324266,-58,3243.963941704191,0.0,0.0,18863.520000000015,-324711.0836788462,-305847.56367884617,-18537.59236953249,326335.43647799187,344873.0288475244,1950.2804296131944
377,0.01917989417989418,100.56543843105604,-0.0003211335313716117,0.21687427326472225,0.09986772486772486,3.177343652380806,3.22,3.31,3.265,0.08999999999999986,0.5574834121657699,0.056465893470044236,12.546758652191086,-14.877438965330835,5.2816264792505,-50,2787.4170608288496,0.0,0.0,16287.360000000015,-278800.54208114836,-262513.1820811484,-15886.71826190403,280317.81881245883,296204.53707436286,1917.9184694064315
378,0.01923076923076923,100.24984740237278,-0.0031431002593838952,0.22784609051036428,0.09981684981684981,3.0034706108100693,3.04,3.12,3.08,0.08000000000000007,0.539580118153622,0.05697145084553778,12.573357389244823,-14.877857624662003,5.099578365021506,-50,2697.90059076811,0.0,0.0,16287.360000000015,-269826.97831818333,-253539.61831818332,-15017.353054050347,270464.1225312744,285481.47558532475,1907.1511590407463
379,0.01928164428164428,100.50261281210602,0.0025181812769185636,0.23308349881201584,0.09976597476597476,3.140916613188125,3.17,3.2600000000000002,3.215,0.0900000000000003,0.5539342836352161,0.05660119372305561,12.548315412226977,-14.886144098921207,5.240799059533519,-45,2492.7042763584727,0.0,0.0,14702.260000000015,-249205.24371888727,-234502.98371888726,-14134.124759346563,250523.29274193652,264657.41750128305,1886.1842637026857
380,0.01933251933251933,100.43053680392269,-0.0007174128451417491,0.21683319251980315,0.0997150997150997,3.100380914746225,3.13,3.21,3.17,0.08000000000000007,0.5498502830948041,0.05673261806373199,12.553013686391001,-14.890194947323835,5.197288422332999,-47,2584.296330545579,0.0,0.0,15344.220000000016,-258404.3428198308,-243060.12281983078,-14571.790299307258,259542.26773710016,274114.0580364074,1910.354617962119
381,0.019383394383394384,100.44762034367865,0.00017008857547940782,0.2168397456357928,0.09966422466422466,3.1090249509013006,3.14,3.22,3.18,0.08000000000000007,0.550819332142677,0.05671987266616928,12.548058236829768,-14.893756142492652,5.204412611414467,-52,2864.26052714192,0.0,0.0,16954.120000000017,-286527.48623622954,-269573.36623622954,-16166.929744686764,287708.1539957365,303875.08374042326,1967.8580148202018
382,0.019434269434269433,100.65432649305855,0.0020557356646938455,0.2201984954177477,0.09961334961334961,3.2233345139568357,3.2600000000000002,3.35,3.305,0.08999999999999986,0.5625108820049257,0.05637942103920682,12.51773435681046,-14.890870687919376,5.3189364316870895,-55,3093.8098510270916,0.0,0.0,17959.060000000016,-309633.7740854581,-291674.7140854581,-17728.339826762596,311405.3468527217,329133.6866794843,2002.2929405010073
383,0.019485144485144483,100.40165521336037,-0.002513443376043093,0.22944302088804244,0.09956247456247455,3.0822506325269146,3.12,3.21,3.165,0.08999999999999986,0.5482093712623444,0.05682142631964629,12.546200951684714,-14.90064605045828,5.1731544338935445,-50,2741.046856311722,0.0,0.0,16398.960000000017,-274217.55641744146,-257818.59641744144,-15411.253162634574,275205.64139107487,290616.8945537094,1975.7918109988677
384,0.019536019536019536,100.20473336997387,-0.0019632665542583514,0.2289692101553143,0.0995115995115995,2.9746420896560224,3.0100000000000002,3.09,3.05,0.07999999999999963,0.53698784895388,0.05712027920928617,12.556343354188776,-14.896448179917677,5.058580823224896,-56,3007.131954141728,0.0,0.0,18252.84000000002,-300881.8758485347,-282629.03584853467,-16657.995702073724,301328.85567310033,317986.85137517407,2041.824122491933
385,0.019586894586894586,99.9533446583685,-0.002511903054455733,0.22389173273864033,0.09946072446072446,2.840701020601138,2.88,2.96,2.92,0.08000000000000007,0.5225822357896239,0.05743382317915722,12.555577357166651,-14.873881822824135,4.912677617647892,-51,2665.169402527082,0.0,0.0,16812.74000000002,-266703.28408178,-249890.54408177998,-14487.575205065803,266392.5958637275,280880.1710687933,2014.476576881716
386,0.01963776963776964,99.82894566773454,-0.0012453456861297625,0.22483414646955435,0.0994098494098494,2.7753812407674516,2.81,2.88,2.8449999999999998,0.06999999999999984,0.5154208480268606,0.057569383510417044,12.547483818543668,-14.857740481736865,4.839126191014086,-58,2989.4409185557915,0.0,0.0,18828.60000000002,-299076.58622118173,-280247.9862211817,-16097.211196451219,298432.7350354086,314529.9462318598,2087.53761777567
387,0.019688644688644688,99.89791899291706,0.0006906765200723079,0.22449558025332747,0.09935897435897435,2.8103118550466846,2.85,2.93,2.89,0.08000000000000007,0.5193814376028318,0.05751941700787942,12.547498111373361,-14.872790941801602,4.876023079089104,-51,2648.8453317744425,0.0,0.0,16833.46000000002,-265053.49712307035,-248220.03712307033,-14332.590460738093,264614.13637836976,278946.72683910787,2061.5087945613195
388,0.019739519739519738,99.98020414902821,0.0008233533461912429,0.2162902812915408,0.0993080993080993,2.8524865220146793,2.88,2.96,2.92,0.08000000000000007,0.5241042594259351,0.05744964390740529,12.54650402334965,-14.888261296413308,4.920474439034105,-49,2568.110871187082,0.0,0.0,16257.42000000002,-256982.05286407695,-240724.63286407694,-13977.18395787193,256760.24917862314,270737.43313649506,2058.4323566742823
389,0.01979039479039479,100.0236379910506,0.00043433008326664496,0.21115006705802758,0.09925722425722425,2.8745467468159163,2.9,2.98,2.94,0.08000000000000007,0.5265923791156655,0.057416593033394525,12.543753712521479,-14.897327975970057,4.942725768345893,-49,2568.110871187082,-12.19178647967874,-12.19178647967874,16257.42000000002,-256982.05286407695,-240724.63286407694,-14085.27905939799,256871.79210049828,270957.07115989627,2061.880177023355
390,0.01984126984126984,99.80222182564995,-0.0022160921135978796,0.21792967743640596,0.0992063492063492,2.7586037525548193,2.79,2.86,2.825,0.06999999999999984,0.513844527123749,0.057652192086164955,12.533096778388432,-14.867182142424008,4.813910885649382,-44,2260.9159193444953,0.0,0.0,14862.32000000002,-226324.84707349964,-211462.52707349963,-12137.856511241205,225644.4321115626,237782.2886228038,2044.0485268217744
391,0.01989214489214489,99.44117486984489,-0.0036241838573351903,0.2320021355749676,0.09915547415547415,2.5760932302723347,2.6,2.66,2.63,0.06000000000000005,0.4929674659490997,0.057902232134184745,12.49013625317895,-14.785072220243514,4.6052929285745146,-53,2612.7275695302283,0.0,0.0,17256.14000000002,-261311.16012905916,-244055.02012905915,-13653.294120443374,259812.69912892024,273465.9932493636,2104.3848794177175
392,0.019943019943019943,99.44973661098123,8.609484543963298e-05,0.23103384052500023,0.0991045991045991,2.5795636053311526,2.61,2.68,2.645,0.07000000000000028,0.49344856520040264,0.05791329528694649,12.488263150727489,-14.791078124481137,4.607746063574245,-59,2911.3465346823755,0.0,0.0,18864.020000000022,-291010.22243935557,-272146.20243935555,-15219.425271453802,289532.64605745516,304752.07132890896,2167.018346645811
393,0.019993894993894992,99.37622054888223,-0.0007395016878021006,0.2299236235565113,0.09905372405372405,2.5426922666281655,2.58,2.65,2.615,0.06999999999999984,0.48917416114482176,0.05795748916714082,12.472916158473923,-14.772670837826885,4.563364163723451,-60,2935.0449668689303,0.0,0.0,19129.000000000022,-293365.40081602056,-274236.40081602056,-15256.153599768993,291673.67594845354,306929.82954822254,2181.121532663994
394,0.020044770044770045,99.44796294029086,0.0007216666832304314,0.22729878026933692,0.099002849002849,2.5771831795362843,2.61,2.69,2.65,0.08000000000000007,0.4933165116615098,0.057943763034011,12.481559535556276,-14.79764317311901,4.60186418775751,-60,2959.899069969059,0.0,0.0,19129.000000000022,-295837.21432453254,-276708.21432453254,-15463.099077217707,294355.9330172844,309819.03209450206,2184.619615534146
395,0.020095645095645095,99.5576450057589,0.0011023013643279046,0.2285537946643517,0.09895197395197394,2.6308851437436545,2.67,2.75,2.71,0.08000000000000007,0.49965593204461933,0.05790290826222285,12.493863315622425,-14.831081627772278,4.66199190962274,-60,2997.935592267716,0.0,0.0,19129.000000000022,-299624.2302501251,-280495.2302501251,-15785.310862461927,298467.4074451188,314252.71830758074,2186.8663325317902
396,0.020146520146520144,99.57932412026227,0.00021773068741773302,0.2284503967267583,0.0989010989010989,2.6409759455348834,2.68,2.7600000000000002,2.72,0.08000000000000007,0.5008983469000506,0.05790506468683533,12.493343978094995,-14.840137660138009,4.6719042420391155,-60,2997.935592267716,-7.454489132588151,-7.454489132588151,19129.000000000022,-299624.2302501251,-280495.2302501251,-15845.8556732093,298532.4000340973,314378.2557073066,2191.3141107629053
397,0.020197395197395197,99.69825255548066,0.00119359590097189,0.22985724773572247,0.09885022385022385,2.7001998345829747,2.74,2.82,2.7800000000000002,0.07999999999999963,0.5077693560335053,0.05784004763591352,12.502707546478337,-14.871416389647322,4.737250448695422,-60,3046.6161362010316,0.0,0.0,19129.000000000022,-304477.8380819852,-285348.8380819852,-16201.19900749785,303742.3049865731,319943.503994071,2192.2678970900597
398,0.020248270248270247,99.7341982272977,0.0003604796718402477,0.22781513444763732,0.09879934879934879,2.7177322467999048,2.75,2.84,2.795,0.08999999999999986,0.5098375315052046,0.05782746790048766,12.502565558710009,-14.882562291333256,4.755262569568444,-60,3046.6161362010316,-12.409052830196288,-12.409052830196288,19129.000000000022,-304477.8380819852,-285348.8380819852,-16306.393480799428,303851.8176503575,320158.21113115695,2196.586087572854
399,0.0202991452991453,99.8172690290215,0.0008325752515339635,0.22838202287917453,0.09874847374847374,2.759526250399368,2.8000000000000003,2.88,2.84,0.07999999999999963,0.5146292785215004,0.05777292770984497,12.505147430835477,-14.902187035857818,4.80010039566745,-60,3087.7756711290026,0.0,0.0,19129.000000000022,-308586.47587461845,-289457.47587461845,-16557.157502396207,308213.3348663511,324770.4923687473,2198.7014893364394
400,0.02035002035002035,99.70703571914761,-0.0011049613351987527,0.22982979631293693,0.0986975986975987,2.7023910267348796,2.74,2.82,2.7800000000000002,0.07999999999999963,0.5082448120060619,0.057878268147597514,12.493853368906317,-14.884056635524667,4.734838911282484,-51,2592.0485412309154,0.0,0.0,16662.82000000002,-259161.46460105173,-242498.6446010517,-13782.194236347885,258445.47648627535,272227.67072262324,2164.637648875767
401,0.0204008954008954,99.67901795774031,-0.000281040334317113,0.229601483618534,0.09864672364672364,2.6874168561710974,2.72,2.79,2.755,0.06999999999999984,0.5066116272130449,0.05791387898007144,12.488075105559641,-14.88155347789772,4.716411587827727,-45,2279.7523224587017,0.0,0.0,15030.700000000023,-228033.6406709418,-213002.94067094178,-12093.375852769937,227243.4726895611,239336.84854233105,2147.1561658493883
402,0.020451770451770452,99.70988162529818,0.0003095826083493427,0.22697117514956938,0.09859584859584859,2.7023227967129557,2.73,2.79,2.76,0.06000000000000005,0.508387895758096,0.05790603952153447,12.48767460928909,-14.891848900767654,4.731513625527098,-51,2592.7782683662895,0.0,0.0,16704.580000000024,-259246.98127203496,-242542.40127203494,-13781.846263236073,258525.61421944833,272307.4604826844,2201.3666841773083
403,0.0205026455026455,99.83842740057953,0.0012883676508196717,0.22544722617458907,0.09854497354497355,2.7673930687773236,2.8000000000000003,2.87,2.835,0.06999999999999984,0.5158158917705381,0.05781372434409332,12.49348410861254,-14.920363913006872,4.802180757063022,-59,3043.313761446175,0.0,0.0,19000.420000000024,-304229.98542703124,-285229.5654270312,-16327.619105786209,303839.66002932854,320167.27913511475,2282.4754965111497
404,0.02055352055352055,99.7768410736005,-0.0006170502828153652,0.22590989336378192,0.09849409849409849,2.734976947977948,2.77,2.85,2.81,0.08000000000000007,0.5122438509943747,0.057882586529432276,12.486488461595323,-14.912639268244932,4.7646615058995865,-56,2868.5655655684986,0.0,0.0,18169.360000000022,-286795.0342501943,-268625.6742501943,-15315.87090867651,286216.410544931,301532.28145360755,2274.865386060206
405,0.020604395604395604,99.85855318102553,0.0008186134757639705,0.22058799021691716,0.09844322344322344,2.776267105274414,2.81,2.89,2.85,0.08000000000000007,0.5169620499187231,0.05782510361591209,12.48807404693281,-14.931052160959517,4.808637948057633,-52,2688.20265957736,0.0,0.0,17045.28000000002,-268785.1559493359,-251739.87594933587,-14436.588947426952,268440.02824278007,282876.617190207,2263.5633460172685
406,0.020655270655270654,99.81698599162512,-0.00041634734202375043,0.2191253882741436,0.0983923483923484,2.754069073525365,2.7800000000000002,2.86,2.8200000000000003,0.07999999999999963,0.5145483990513319,0.05787797973316245,12.482635084631832,-14.927382425842525,4.782517645990734,-44,2264.0129558258604,0.0,0.0,14821.12000000002,-226445.9352990667,-211624.8152990667,-12117.903923511605,225986.9494965277,238104.8534200393,2244.230273949419
407,0.020706145706145707,99.79865708489096,-0.00018364198820484582,0.21703128135387076,0.09834147334147333,2.7438883352369743,2.77,2.84,2.8049999999999997,0.06999999999999984,0.51347790260333,0.057909043789183226,12.478293025812329,-14.927623397666332,4.769612278690054,-47,2413.3461422356513,0.0,0.0,15673.060000000021,-241349.93192354462,-225676.8719235446,-12896.275175613777,240848.70407612025,253744.97925173404,2275.556976961874
408,0.020757020757020756,99.928727083206,0.0013024755443004367,0.2187177256120192,0.09829059829059829,2.8104052864883684,2.84,2.91,2.875,0.07000000000000028,0.5209948215274498,0.057801497655889926,12.481145938482324,-14.95306916163275,4.841003047226116,-53,2761.2725540954843,0.0,0.0,17418.94000000002,-276119.51377149776,-258700.57377149773,-14895.148018388352,275930.45146055485,290825.5994789432,2334.7296706687775
409,0.020807895807895806,99.6167695281288,-0.0031266835335306787,0.22844806512064061,0.09823972323972324,2.6499365143540317,2.68,2.7600000000000002,2.72,0.08000000000000007,0.5029073750856462,0.058076419407755396,12.455883907300263,-14.895939136609323,4.661285418661637,-53,2665.409087953925,0.0,0.0,17418.94000000002,-266570.3824391471,-249151.44243914707,-14044.663526076369,265519.4428128861,279564.10633896245,2323.3368476626347
410,0.02085877085877086,99.4143941527206,-0.0020336056063782046,0.23290388923395655,0.09818884818884818,2.548595399443812,2.58,2.65,2.615,0.06999999999999984,0.4911273202908508,0.05819686690637575,12.424616462371604,-14.844706099900225,4.543839139514762,-49,2406.523869425169,0.0,0.0,16386.860000000022,-240834.7521298739,-224447.8921298739,-12488.117457274679,239243.11249296408,251731.22995023875,2307.1029058155254
411,0.020909645909645908,99.18352175519281,-0.0023250244140305878,0.23287766804105717,0.09813797313797314,2.43600795008507,2.46,2.5300000000000002,2.495,0.07000000000000028,0.47766446308199945,0.058270393506536455,12.376184235712815,-14.770913694660537,4.410363273075284,-57,2722.6874395673967,0.0,0.0,18410.700000000023,-272194.53637809184,-253783.83637809183,-13885.2453154849,270045.7288949231,283930.974210408,2376.647201346408
412,0.02096052096052096,98.82106687118572,-0.00366107968879569,0.24284018744124283,0.09808709808709808,2.265959927046403,2.29,2.36,2.325,0.06999999999999984,0.4565225983679647,0.0582428450100263,12.273720361900443,-14.62135351630803,4.202844835559661,-57,2602.178810697399,0.0,0.0,18410.700000000023,-260286.3405455385,-241875.64054553848,-12915.971584164496,257150.0862627102,270066.0578468747,2358.4741330071993
413,0.02101139601139601,98.71602446702127,-0.0010635209150214836,0.24045715770193027,0.09803622303622303,2.2175856171404646,2.24,2.31,2.2750000000000004,0.06999999999999984,0.4503810523179935,0.05821432349955021,12.235294322639403,-14.573264117678617,4.14126979580964,-52,2341.981472053566,0.0,0.0,17290.600000000024,-234601.97798006245,-217311.37798006242,-11531.445209130416,231191.1002965503,242722.54550568073,2348.277107357484
414,0.02106227106227106,98.8322625434903,0.001176806862187305,0.2413704195752874,0.09798534798534798,2.269586040020755,2.29,2.36,2.325,0.06999999999999984,0.45712664066996517,0.05827610002822893,12.270768860988325,-14.6335570300205,4.204480157063899,-47,2148.495211148836,0.0,0.0,16145.500000000024,-215480.24917801472,-199334.7491780147,-10667.05438809755,212340.6427816934,223007.69716979095,2338.83921558116
415,0.021113146113146113,98.78817016819042,-0.0004462329671740347,0.22295248837521336,0.09793447293447292,2.2487433878036853,2.27,2.33,2.3,0.06000000000000005,0.45453275409974153,0.058274939664547526,12.253213086374794,-14.615883252040527,4.177269162957586,-47,2148.495211148836,12.191266880050534,12.191266880050534,16145.500000000024,-215480.24917801472,-199334.7491780147,-10569.09392267732,212245.91052451343,222815.00444719076,2342.067423821398
416,0.021164021164021163,98.81891523608434,0.0003111737423697249,0.22361509314573594,0.09788359788359788,2.2620011482867213,2.2800000000000002,2.34,2.31,0.05999999999999961,0.4563003402720637,0.05830104913073348,12.259962433648962,-14.634129042718177,4.19226674463605,-47,2148.495211148836,3.8836118701365194,3.8836118701365194,16145.500000000024,-215480.24917801472,-199334.7491780147,-10631.40539694759,212311.96615564995,222943.37155259753,2345.811580687674
417,0.021214896214896212,98.98803928703147,0.0017099913657312924,0.21988437879181527,0.09783272283272283,2.339258047552512,2.36,2.42,2.3899999999999997,0.06000000000000005,0.4661426853863011,0.05835724984567857,12.307421734594593,-14.714139159457977,4.285395365198015,-47,2190.870621315615,0.0,0.0,16145.500000000024,-219675.11767734625,-203529.61767734622,-10994.512823496809,216869.98713559317,227864.49995908997,2345.8566347501474
418,0.021265771265771265,99.19456466964179,0.0020841935997095236,0.2171811591257032,0.09778184778184777,2.436020149273176,2.46,2.52,2.49,0.06000000000000005,0.47817735869683037,0.058374071615218855,12.355964699228101,-14.799813199107888,4.399848225992885,-40,1912.7094347873215,0.0,0.0,14423.360000000024,-192084.41947557143,-177661.0594755714,-9744.080597092705,189730.37972324496,199474.46032033768,2325.2396505808283
419,0.021316646316646315,99.1838833169451,-0.00010768662438365631,0.21705847753766092,0.09773097273097273,2.430163067052206,2.45,2.5100000000000002,2.4800000000000004,0.06000000000000005,0.4775349797050302,0.05839032168045573,12.350313624693085,-14.799429165823222,4.391405476139631,-40,1912.7094347873215,2.5695159672004593,2.5695159672004593,14423.360000000024,-192084.41947557143,-177661.0594755714,-9720.652268208823,189709.9493991657,199430.60166737452,2328.2376553854556
420,0.021367521367521368,99.39485678606954,0.002124835200308944,0.22367793368034466,0.09768009768009767,2.5314528217054075,2.5500000000000003,2.61,2.58,0.05999999999999961,0.48983377643592624,0.058355176693273406,12.388992186208695,-14.874663930416732,4.508474259938762,-45,2204.251993961668,0.0,0.0,15728.260000000024,-221063.69928329563,-205335.4392832956,-11391.537697674336,219091.31126022822,230482.84895790255,2364.334279258299
421,0.021418396418396417,99.4093066595333,0.00014536791623226124,0.2174268881278482,0.09762922262922262,2.537779883691641,2.56,2.62,2.59,0.06000000000000005,0.49066148692191086,0.058364856027429704,12.388194638238112,-14.882696206534158,4.5142325532308964,-39,1913.5797989954522,0.0,0.0,14192.140000000025,-192169.62269256776,-177977.48269256775,-9897.341546397402,190227.641055827,200124.9826022244,2352.8168168618577
422,0.021469271469271467,99.27884487745578,-0.0013132318139517103,0.21278136173981937,0.09757834757834757,2.4735090321790736,2.49,2.5500000000000003,2.5200000000000005,0.06000000000000005,0.48302681090599925,0.05841987730223507,12.360903375365087,-14.844054048480052,4.437944706210215,-39,1883.8045625333973,0.0,0.0,14192.140000000025,-189213.71941321593,-175021.57941321592,-9646.685225498388,187021.9409431966,196668.626168695,2353.676304482273
423,0.02152014652014652,99.1863677999627,-0.0009319223549401539,0.20982124762655727,0.09752747252747251,2.4283363505985704,2.45,2.5,2.475,0.04999999999999982,0.47760465248302203,0.05845031939365353,12.337879158419845,-14.814608194601556,4.383229313904482,-35,1671.6162836905771,0.0,0.0,13212.060000000025,-168168.58705430434,-154956.52705430432,-8499.177227094997,165801.54753454035,174300.72476163536,2345.8432531410363
424,0.02157102157102157,98.95628099367687,-0.0023224370028877917,0.20881100123722865,0.09747659747659747,2.319244027965574,2.33,2.38,2.355,0.04999999999999982,0.46413338061042764,0.05845665228208131,12.275627820003704,-14.724944661341342,4.250922170916763,-35,1624.4668321364966,0.0,0.0,13212.060000000025,-163503.0859643398,-150291.0259643398,-8117.35409787951,160751.19630580727,168868.5504036868,2342.816243587964
425,0.021621896621896623,98.81854611909938,-0.0013928455795475603,0.20919800245416792,0.09742572242572242,2.2551250617310146,2.27,2.32,2.295,0.04999999999999982,0.45605975061267157,0.05843420441251161,12.230391834307884,-14.66515143812736,4.17099357841565,-43,1961.0569276344877,0.0,0.0,15067.900000000025,-196766.09290673386,-181698.19290673384,-9697.037765443363,193788.79444562795,203485.8322110713,2393.563773450762
426,0.021672771672771672,98.7631252684447,-0.0005609918340995224,0.20813769599805207,0.09737484737484736,2.2291947684689646,2.25,2.3000000000000003,2.2750000000000004,0.050000000000000266,0.45279662361913664,0.058427169185030485,12.208827696259116,-14.641573654011017,4.1374976649203195,-43,1961.0569276344877,14.03144607219997,14.03144607219997,15067.900000000025,-196766.09290673386,-181698.19290673384,-9585.537504416547,193680.1110025162,203265.64850693275,2396.380591365829
427,0.02172364672364672,98.8878212748519,0.0012617801749185713,0.20958169685283526,0.09732397232397232,2.285363057338273,2.3000000000000003,2.36,2.33,0.05999999999999961,0.4600617920171387,0.05848588938224951,12.245576137059137,-14.704692522804585,4.205285652272524,-36,1656.2224512616992,0.0,0.0,13457.760000000024,-166623.1829096294,-153165.42290962936,-8227.307006417783,163780.22975176404,172007.5367581818,2387.4998357169097
428,0.021774521774521775,99.15527990560535,0.0027010160087641137,0.2195290705247976,0.09727309727309727,2.4097491042602357,2.42,2.48,2.45,0.06000000000000005,0.47569066010854627,0.0585285679852337,12.314449819697467,-14.820783104132449,4.353699819251558,-30,1427.0719803256388,0.0,0.0,12005.640000000025,-143902.83989741735,-131897.19989741733,-7229.247312780707,141501.72165463524,148730.96896741595,2375.2744444372074
429,0.021825396825396824,98.94053427435588,-0.002168099475083714,0.2193062833181466,0.09722222222222221,2.3081965682094463,2.32,2.36,2.34,0.040000000000000036,0.4630998373514791,0.05852848457804342,12.254737311752374,-14.735582905102664,4.230250574055449,-30,1389.2995120544372,0.0,0.0,12005.640000000025,-140165.7985672131,-128160.15856721306,-6924.589704628339,137458.03598976796,144382.6256943963,2373.287717926549
430,0.021876271876271874,99.00162161293333,0.0006172241606943688,0.20551209413822175,0.09717134717134716,2.3358441970222046,2.35,2.39,2.37,0.040000000000000036,0.4666537873974055,0.0585538256738889,12.268763547662148,-14.76577002315281,4.262288746460801,-30,1389.2995120544372,-10.661850137779311,-10.661850137779311,12005.640000000025,-140165.7985672131,-128160.15856721306,-7007.532591066613,137542.9045994463,144550.43719051292,2375.2134411666484
431,0.021927146927146927,98.8401821701908,-0.0016320057286935549,0.20824994168518215,0.09712047212047212,2.260523185324125,2.27,2.32,2.295,0.04999999999999982,0.4571793065529967,0.058531150817483855,12.217647848183681,-14.696421448695862,4.169106313928517,-30,1371.5379196589902,0.0,0.0,12005.640000000025,-138410.32731716582,-126404.6873171658,-6781.569555972375,135563.05783241912,142344.6273883915,2376.800959280954
432,0.021978021978021976,98.91391409189498,0.0007456930249685897,0.208772017072769,0.09706959706959706,2.2936415012708764,2.3000000000000003,2.35,2.325,0.04999999999999982,0.4614726663304582,0.0585675211340584,12.237072292919187,-14.73419120103657,4.208202540495572,-30,1371.5379196589902,-12.880079332384412,-12.880079332384412,12005.640000000025,-138410.32731716582,-126404.6873171658,-6880.924503812629,135664.1839589257,142545.10846273834,2378.5721379472816
433,0.02202889702889703,98.89364911901367,-0.00020489583535923428,0.2078751673673714,0.09701872201872201,2.2835525745534824,2.29,2.34,2.315,0.04999999999999982,0.46026244552512696,0.058577333954482884,12.227696110006582,-14.728453254664403,4.1944569989651725,-34,1564.8923147854316,0.0,0.0,12941.560000000025,-157532.8051005046,-144591.24510050457,-7764.07875348184,154757.91148743156,162521.9902409134,2402.5876334451314
434,0.02207977207977208,98.61001109908027,-0.0028722324904224736,0.21459737761086506,0.09696784696784697,2.1546174053562126,2.17,2.21,2.19,0.040000000000000036,0.44363577030279205,0.058464048367849256,12.127780664744712,-14.589559879776255,4.033116831423284,-29,1286.5437338780969,0.0,0.0,11856.460000000025,-130086.22084565171,-118229.76084565169,-6248.390475533017,126866.0918771713,133114.48235270433,2387.940555986599
435,0.02213064713064713,98.75383768545522,0.0014574767640666661,0.21776234716558554,0.0969169719169719,2.218282854487015,2.23,2.27,2.25,0.040000000000000036,0.45202485028301914,0.058556887267142886,12.176107217517863,-14.668203933825886,4.111305740002759,-32,1446.4795209056613,0.0,0.0,12537.400000000025,-145881.28331150496,-133343.88331150493,-7098.505134358447,142845.4038228527,149943.90895721116,2403.0153769893222
436,0.02218152218152218,98.66020852201886,-0.0009485563186141265,0.21590517723276306,0.09686609686609686,2.1754728698186554,2.19,2.23,2.21,0.040000000000000036,0.446517433328892,0.058523898790279784,12.139807215177498,-14.623382856516741,4.0565613309923085,-28,1250.2488133208976,0.0,0.0,11661.320000000025,-126522.0887908953,-114860.76879089528,-6091.324035492235,123349.8086266464,129441.13266213863,2397.715800258884
437,0.02223239723239723,98.57766583009062,-0.0008369862737383218,0.21577469264413462,0.09681522181522181,2.1380736550787276,2.15,2.19,2.17,0.040000000000000036,0.4416606069836855,0.05848708640140111,12.10551788513648,-14.582103449862814,4.008130633298333,-28,1250.2488133208976,13.599113766578284,13.599113766578284,11661.320000000025,-126522.0887908953,-114860.76879089528,-5986.606234220437,123246.6097240148,129233.21595823523,2399.2346988990757
438,0.022283272283272284,98.41240702328136,-0.0016778393264638394,0.21632388018489165,0.09676434676434675,2.0651463619825563,2.07,2.11,2.09,0.040000000000000036,0.4319747184039461,0.05837196413706556,12.034888339383352,-14.489978969492393,3.913781613994261,-16,691.1595494463137,0.0,0.0,9177.080000000025,-71503.51965813292,-62326.4396581329,-3304.23417917209,68018.67489813839,71322.90907731047,2388.001060833398
439,0.022334147334147333,98.31149849335894,-0.0010258899497499947,0.2161909228485262,0.09671347171347171,2.0211193583502904,2.02,2.06,2.04,0.040000000000000036,0.42605715042081166,0.05828986865041348,11.98702365893819,-14.43110882956718,3.8555016549588212,-12,511.26858050497395,0.0,0.0,8369.000000000025,-53819.053203623625,-45450.053203623596,-2425.3432300203485,50263.58028201651,52688.92351203686,2388.183848372566
440,0.022385022385022383,98.3776100837593,0.0006722445728523564,0.21742997305165543,0.09666259666259666,2.0486777473505597,2.04,2.08,2.06,0.040000000000000036,0.42988179647387453,0.05836921248716643,12.013166822366284,-14.475572255242868,3.8899025954262445,-12,511.26858050497395,-4.589575263675499,-4.589575263675499,8369.000000000025,-53819.053203623625,-45450.053203623596,-2458.413296820672,50297.38106099542,52755.79435781609,2388.9145605511585
441,0.022435897435897436,98.34847925721391,-0.00029615621248701404,0.21692292291145546,0.0966117216117216,2.0354440812273253,2.0300000000000002,2.07,2.05,0.03999999999999959,0.42815024989696365,0.05835581591233706,11.996980293976053,-14.460949854973883,3.8714714646218487,-12,511.26858050497395,-2.511719371382412,-2.511719371382412,8369.000000000025,-53819.053203623625,-45450.053203623596,-2442.5328974727904,50282.487384658634,52725.02028213142,2389.901283562249
442,0.022486772486772486,98.39929295409864,0.0005165364511474148,0.2145823744467926,0.09656084656084656,2.0565379624046543,2.05,2.09,2.07,0.040000000000000036,0.4310858705150074,0.0584184380555457,12.01593698444705,-14.495532187655163,3.8973895550403643,-17,732.8459798755125,0.0,0.0,9413.900000000025,-75623.20278926419,-66209.30278926417,-3496.1145360879123,72111.52626400403,75607.64080009195,2406.108938651945
443,0.022537647537647535,98.45527124748058,0.0005687274269492781,0.21553192164906948,0.09650997150997151,2.080021714948799,2.08,2.12,2.1,0.040000000000000036,0.4343273393826121,0.05848225577522807,12.036408816503807,-14.532477049136748,3.9261988083041754,-17,732.8459798755125,-5.5104970749280255,-5.5104970749280255,9413.900000000025,-75623.20278926419,-66209.30278926417,-3536.0369154129585,72152.54973126928,75688.58664668223,2407.210026592147
444,0.022588522588522588,98.65959757651784,0.002073170871784236,0.22080183267158976,0.09645909645909645,2.1692428551262495,2.17,2.21,2.19,0.040000000000000036,0.4462654883533731,0.05864256270135609,12.113161027362878,-14.650786118523154,4.037693919914962,-11,490.89203718871045,0.0,0.0,8111.780000000025,-51753.31772566332,-43641.53772566329,-2386.1671406388746,48431.2108425552,50817.37798319408,2403.505976253029
445,0.022639397639397638,98.60662249872976,-0.0005370922506789204,0.22084862720163187,0.0964082214082214,2.1449401861720645,2.14,2.18,2.16,0.040000000000000036,0.44313184839345376,0.058624849294931385,12.090121293377804,-14.625620989461307,4.005838215657864,-11,490.89203718871045,3.4470039559113275,3.4470039559113275,8111.780000000025,-51753.31772566332,-43641.53772566329,-2359.434204789271,48405.205798699586,50764.64000348886,2404.2338682470217
446,0.02269027269027269,98.3784484466411,-0.002316664435971108,0.22534896649397113,0.09635734635734636,2.0446162540573383,2.04,2.08,2.06,0.040000000000000036,0.42974338955418845,0.05845745170596415,11.993538383450217,-14.496288346833296,3.876732747612793,-11,472.7177285096073,0.0,0.0,8111.780000000025,-49965.4468342373,-41853.66683423727,-2249.077879463072,46505.23668399569,48754.31456345876,2402.491970295341
447,0.02274114774114774,98.54341743063183,0.0016754769395248784,0.2269288272156794,0.0963064713064713,2.11556415703685,2.11,2.15,2.13,0.040000000000000036,0.4393700962953884,0.058610793177029046,12.058991487830166,-14.597252700817775,3.9660417361649487,-11,472.7177285096073,-10.589377415319973,-10.589377415319973,8111.780000000025,-49965.4468342373,-41853.66683423727,-2327.1205727405354,46583.22044738232,48910.341020122854,2402.4330404045177
448,0.02279202279202279,98.49225085550292,-0.0005193635926345466,0.2178410410198171,0.09625559625559625,2.09241857321539,2.08,2.12,2.1,0.040000000000000036,0.43634252789000877,0.05858629768746119,12.035076315102302,-14.571252041553667,3.9353079394534434,-4,174.53701115600353,2.842170943040401e-14,2.842170943040401e-14,6655.640000000025,-20598.42524487304,-13942.785244873015,-836.9674292861561,17190.54308634681,18027.510515632966,2410.790412187638
449,0.022842897842897843,98.66474439735791,0.0017498094414148404,0.21874374133396035,0.0962047212047212,2.1678107719670336,2.15,2.19,2.17,0.040000000000000036,0.4464320084440263,0.05872031324214026,12.098496971510807,-14.670947081266318,4.0289853448127815,0,0.0,0.0,0.0,5795.560000000025,-3378.6366837668247,2416.9233162332002,0.0,0.0,0.0,2416.9233162332002
450,0.022893772893772892,98.7241974289074,0.0006023947724454267,0.21380938971692928,0.09615384615384615,2.193708246552376,2.17,2.21,2.19,0.040000000000000036,0.4498978655078944,0.0587675279647142,12.116410757504921,-14.705615855599495,4.059817062566636,5,-224.94893275394722,0.0,0.0,4710.460000000025,18828.155769713445,23538.61576971347,1096.854123276188,-22207.9028486227,23304.75697189889,2427.5670443669587
451,0.022944647944647945,98.7039634437178,-0.00020497567490863097,0.1976617708984296,0.0961029711029711,2.1838693448647817,2.16,2.2,2.18,0.040000000000000036,0.448682324980684,0.05877211695535192,12.105981712980729,-14.698631689760076,4.046209405317371,9,-403.81409248261565,0.0,0.0,3846.3800000000247,36481.97322191732,40328.35322191734,1965.4824103783035,-39858.05142246217,41823.533832840476,2435.784209833473
452,0.022995522995522995,98.75807780994009,0.0005480989382411094,0.19661318466470734,0.09605209605209605,2.207486272922651,2.18,2.22,2.2,0.040000000000000036,0.45183773824327267,0.058814044832995606,12.121485111232955,-14.729971368373594,4.074063124200985,9,-403.81409248261565,2.8398719363297573,2.8398719363297573,3846.3800000000247,36481.97322191732,40328.35322191734,1986.737645630386,-39879.9035661485,41866.641211778886,2435.1873013992226
453,0.023046398046398044,99.06096922041917,0.003062310244934796,0.20669471935967235,0.096001221001221,2.34628703625701,2.32,2.36,2.34,0.040000000000000036,0.469646026088488,0.0589097140990937,12.209320609922523,-14.87321467089918,4.241075076405852,1,-46.96460260884879,7.105427357601002e-15,7.105427357601002e-15,5734.220000000025,1130.349396393176,6864.569396393201,234.628703625701,-4652.359053484388,4886.987757110089,2446.8390465345137
454,0.023097273097273097,99.38443272941045,0.003259977729685035,0.2184204100179662,0.09595034595034595,2.5005192110561865,2.48,2.52,2.5,0.040000000000000036,0.4886813908119223,0.05888042159055065,12.276564871263266,-14.995512902359682,4.420125742266412,-2,97.73627816238445,-1.4210854715202004e-14,-1.4210854715202004e-14,6490.160000000025,-13251.384605249441,-6761.224605249416,-500.1038422112373,9713.464562252446,10213.568404463684,2452.1361147917933
455,0.023148148148148147,99.3953334046004,0.00010967590326592313,0.21839239255927723,0.0958994708994709,2.5050864994713606,2.49,2.5300000000000002,2.5100000000000002,0.040000000000000036,0.48930721248628034,0.058892128407740225,12.27518742379323,-15.002658597873356,4.423820250209873,2,-97.86144249725606,0.0,0.0,5494.080000000025,6189.143977862517,11683.223977862543,501.0172998942721,-9726.970704469895,10227.988004364168,2457.27057328692
456,0.023199023199023196,99.42040139040294,0.00025217305824632574,0.21543523896172193,0.09584859584859584,2.5166071972690105,2.49,2.5300000000000002,2.5100000000000002,0.040000000000000036,0.49076779042875607,0.05889828968346279,12.276148799861167,-15.014154538861352,4.435463120947701,8,-392.61423234300486,0.0,0.0,3999.9600000000255,35492.11943323408,39492.07943323411,2013.2857578152084,-39033.86457112646,41047.15032894167,2471.500619922859
457,0.02324989824989825,99.588526826807,0.0016896274745847276,0.21374208032869912,0.0957977207977208,2.5991834620140466,2.57,2.61,2.59,0.040000000000000036,0.5006505550749238,0.05883014397232606,12.29692104975704,-15.065171235937804,4.527387617847472,1,-50.06505550749239,-7.105427357601002e-15,-7.105427357601002e-15,5826.820000000025,1376.4458480556568,7203.265848055682,259.9183462014047,-4985.905123493487,5245.823469694891,2477.2790707635995
458,0.0233007733007733,99.45654028920883,-0.0013261977184909784,0.21609689258089368,0.09574684574684575,2.5328522842339183,2.5100000000000002,2.5500000000000003,2.5300000000000002,0.040000000000000036,0.49286591905698485,0.05891452112800489,12.275415578011692,-15.032487421492721,4.450877037788825,6,-295.7195514341909,0.0,0.0,4571.720000000025,25807.170522101067,30378.890522101094,1519.711370540351,-29411.24348152137,30930.95485206172,2487.3584111200726
459,0.023351648351648352,99.50861484267524,0.0005234540150609988,0.21115585894594568,0.09569597069597069,2.5578322900718575,2.5300000000000002,2.57,2.55,0.03999999999999959,0.4959189824839713,0.058905677310568505,12.279900523261267,-15.051230070833839,4.477650711904435,6,-295.7195514341909,1.8318380561918843,1.8318380561918843,4571.720000000025,25807.170522101067,30378.890522101094,1534.6993740431144,-29426.642945113595,30961.34231915671,2486.9469510306117
460,0.0234025234025234,99.50465648293134,-3.977985707242075e-05,0.21114413966744994,0.09564509564509564,2.555103955331397,2.5300000000000002,2.57,2.55,0.03999999999999959,0.49567147718276316,0.05892330023542285,12.27606726293621,-15.053852446261129,4.472987906340963,6,-295.7195514341909,1.6833348754669828,1.6833348754669828,4571.720000000025,25807.170522101067,30378.890522101094,1533.0623731988383,-29425.472380745712,30958.53475394455,2486.4805145542196
461,0.02345339845339845,99.55376269828778,0.0004933849726586721,0.20910875364420248,0.0955942205942206,2.5787488940761563,2.5500000000000003,2.59,2.5700000000000003,0.03999999999999959,0.4985507816743669,0.058912984178942494,12.279500403768674,-15.071063624808215,4.498076816244809,6,-295.7195514341909,3.4109175704292056,3.4109175704292056,4571.720000000025,25807.170522101067,30378.890522101094,1547.2493364456936,-29439.99404872355,30987.243385169244,2486.145809823236
462,0.023504273504273504,99.4237399824301,-0.0013069088978664176,0.21020554534831964,0.09554334554334554,2.51365920758834,2.49,2.5300000000000002,2.5100000000000002,0.040000000000000036,0.4908708736402809,0.0589906713465536,12.25706969553518,-15.037496914331019,4.422754864202565,6,-295.7195514341909,-1.1970272500223587,-1.1970272500223587,4571.720000000025,25807.170522101067,30378.890522101094,1508.195524553004,-29401.543789513864,30909.73931406687,2485.542257140234
463,0.023555148555148554,99.17613302196922,-0.002493527161020934,0.21124165685072155,0.09549247049247049,2.3931645118925218,2.37,2.41,2.39,0.040000000000000036,0.47623607455606637,0.05906418840290078,12.204792273927826,-14.955746125632272,4.281699773137946,6,-295.7195514341909,-9.977906700551102,-9.977906700551102,4571.720000000025,25807.170522101067,30378.890522101094,1435.8987071355132,-29328.321570234388,30764.220277369903,2486.467659002221
464,0.023606023606023607,98.85412641176163,-0.0032520978857200995,0.2217065359317272,0.09544159544159543,2.242121420040938,2.22,2.2600000000000002,2.24,0.040000000000000036,0.4571959720500909,0.059035644239727764,12.11335049113779,-14.820160171645215,4.099558872832546,6,-274.31758323005454,0.0,0.0,4571.720000000025,23691.39186814535,28263.111868145374,1345.2728520245628,-27117.42504959275,28462.697901617314,2490.9596705771837
465,0.023656898656898656,98.68102813413303,-0.0017525824436988152,0.2248829540602936,0.09539072039072038,2.1631160797675477,2.14,2.18,2.16,0.040000000000000036,0.44695620209835885,0.05897106732800588,12.051334165099194,-14.735879724636982,4.000971218161043,6,-274.31758323005454,-6.143861971039257,-6.143861971039257,4571.720000000025,23691.39186814535,28263.111868145374,1297.8696478605286,-27069.941148412392,28367.81079627292,2491.0403675935086
466,0.023707773707773706,98.61010748388372,-0.0007189441439619819,0.22342884560487183,0.09533984533984534,2.130818109594408,2.1,2.14,2.12,0.040000000000000036,0.44274722953735945,0.0589420844123025,12.021688714847683,-14.700802517551901,3.959323988088109,6,-274.31758323005454,-8.669245507638891,-8.669245507638891,4571.720000000025,23691.39186814535,28263.111868145374,1278.4908657566448,-27050.486367034897,28328.97723279154,2491.1163668671215
467,0.02375864875864876,98.56482931348,-0.00045926903221112797,0.21421401431263293,0.09528897028897028,2.110085034473606,2.08,2.12,2.1,0.040000000000000036,0.44005021303940384,0.058925500714076234,12.000864843715036,-14.678866250021153,3.931945858269017,6,-274.31758323005454,-10.28745540641222,-10.28745540641222,4571.720000000025,23691.39186814535,28263.111868145374,1266.0510206841636,-27038.06576875667,28304.116789440835,2491.0971200728673
468,0.023809523809523808,98.86498999119138,0.0030406846345335152,0.22068993313629084,0.09523809523809523,2.244073256356785,2.22,2.2600000000000002,2.24,0.040000000000000036,0.45773992090339977,0.05910084494921553,12.103532066719985,-14.839787125908114,4.0962266135549115,1,-45.77399209033996,1.4210854715202004e-14,1.4210854715202004e-14,5701.620000000024,1095.3022695740037,6796.922269574028,224.4073256356785,-4525.4452698683335,4749.852595504012,2495.8843253413734
469,0.023860398860398858,99.03679995757587,0.001736315872568042,0.22376883697994635,0.09518722018722019,2.3228310332213553,2.3000000000000003,2.34,2.3200000000000003,0.03999999999999959,0.4678761615921114,0.05915486347553654,12.15024344084993,-14.92131426106289,4.189582377850478,1,-45.77399209033996,1.0136240688711808,1.0136240688711808,5701.620000000024,1095.3022695740037,6796.922269574028,232.28310332213553,-4533.3096979106585,4765.592801232794,2495.895674985505
470,0.02391127391127391,98.8874761678405,-0.0015088984634926091,0.22331843198193785,0.09513634513634513,2.25286961238411,2.23,2.27,2.25,0.040000000000000036,0.4590208490898063,0.05913894606951338,12.10389953192812,-14.857726708519882,4.104043378557369,2,-91.80416981796125,0.0,0.0,5478.600000000024,5646.882782210465,11125.482782210489,450.573922476822,-9078.282654982026,9528.856577458848,2497.7740497052855
471,0.02396214896214896,98.9415254158814,0.000546423921194595,0.22302452700333866,0.09508547008547008,2.277008475198876,2.25,2.29,2.27,0.040000000000000036,0.46219444075091526,0.059169213317296125,12.116852951750955,-14.886493278407151,4.131769330446458,6,-277.3166644505491,0.0,0.0,4578.520000000024,24000.854240404085,28579.37424040411,1366.2050851193258,-27438.133803981462,28804.33888910079,2507.4455215419766
472,0.024013024013024013,98.87842296620599,-0.0006379786500990236,0.22344904848318148,0.09503459503459502,2.247204720973791,2.22,2.2600000000000002,2.24,0.040000000000000036,0.45843701629478906,0.059166991472407955,12.094473250663432,-14.860675549363949,4.094311260066649,10,-458.43701629478903,0.0,0.0,3690.440000000024,41908.85355310902,45599.29355310904,2247.2047209737907,-45329.529200561614,47576.73392153541,2516.9690735212207
473,0.024063899063899063,98.83439067926847,-0.00044541663085592703,0.21376768678476069,0.09498371998371997,2.22632099648677,2.2,2.24,2.22,0.040000000000000036,0.45580716150995043,0.05916694074072518,12.0772247415318,-14.843013861149,4.067497536667628,10,-458.43701629478903,-2.629854784838585,-2.629854784838585,3690.440000000024,41908.85355310902,45599.29355310904,2226.3209964867697,-45309.34317031734,47535.66416680411,2516.2713792784707
474,0.024114774114774112,98.86321644311492,0.0002916146985324352,0.2114097522321569,0.09493284493284493,2.238728625537995,2.21,2.25,2.23,0.040000000000000036,0.4574883478226145,0.05919285203175243,12.083087321852211,-14.860641163533684,4.081166888832611,10,-458.43701629478903,-0.9486684721745746,-0.9486684721745746,3690.440000000024,41908.85355310902,45599.29355310904,2238.728625537995,-45322.55796748753,47561.28659302553,2515.464211159502
475,0.024165649165649165,98.95939779108038,0.0009724000050913375,0.21121653900845067,0.09488196988196987,2.2822458956901883,2.25,2.29,2.27,0.040000000000000036,0.4631599703667292,0.059235423391441534,12.108823753670968,-14.9092203643669,4.132279233585295,15,-694.7399555500938,0.0,0.0,2565.3400000000242,65292.08089824798,67857.420898248,3423.3688435352824,-68751.04762263923,72174.41646617452,2529.7421191440517
476,0.024216524216524215,98.90680924063592,-0.0005315566763183732,0.2106429309005707,0.09483109483109482,2.2572135205457258,2.22,2.2600000000000002,2.24,0.040000000000000036,0.4600213439148759,0.05923764794644178,12.08992578738666,-14.888635628206723,4.100689027577812,10,-460.0213439148759,0.0,0.0,3695.2400000000243,42075.65118856927,45770.891188569294,2257.2135205457257,-45499.2433092096,47756.45682975533,2528.861399905414
477,0.024267399267399268,99.0721401743512,0.0016701873874646067,0.20955305643866945,0.09478021978021978,2.3333177789591915,2.3000000000000003,2.34,2.3200000000000003,0.03999999999999959,0.46979681719088845,0.05928297264626791,12.133146859979071,-14.965693232845158,4.190276958735712,9,-422.8171354717996,0.0,0.0,3929.2200000000244,38389.56633959333,42318.78633959335,2099.9860010632724,-41889.39851357977,43989.38451464304,2529.3738270768517
478,0.024318274318274317,98.8948496491914,-0.0017911124750116263,0.2124979278299696,0.09472934472934472,2.2502013716751392,2.22,2.2600000000000002,2.24,0.040000000000000036,0.4592647782187768,0.05926517222049214,12.079643401651111,-14.890292644140665,4.08934454130023,18,-826.6766007937983,0.0,0.0,1931.0400000000243,78327.1904609601,80258.23046096013,4050.3624690152506,-81754.0581440073,85804.42061302255,2554.534785968077
479,0.024369149369149367,98.89591287436392,1.0751009389409713e-05,0.212178412177816,0.09467846967846967,2.2499320442512527,2.21,2.25,2.23,0.040000000000000036,0.4593037192779297,0.05928105037958047,12.076650221196504,-14.894444562749985,4.087584679017829,24,-1102.3289262670312,0.0,0.0,604.9200000000244,105586.71578015856,106191.63578015858,5399.836906203007,-109015.82545099544,114415.66235719845,2575.647235366152
480,0.02442002442002442,99.29993886855503,0.004077043492998067,0.2295848016382652,0.09462759462759462,2.439576704584553,2.39,2.43,2.41,0.040000000000000036,0.48324746922805767,0.05931251911437499,12.175444169336174,-15.064302061420923,4.309990509439898,16,-773.1959507648922,0.0,0.0,2548.760000000025,72902.19728895319,75450.95728895321,3903.322727335285,-76778.31064436809,80681.63337170337,2575.969371920408
481,0.02447089947089947,99.33478515784695,0.0003508579863886007,0.22951425855598623,0.09457671957671956,2.455684992874346,2.42,2.46,2.44,0.040000000000000036,0.4852969456576472,0.05931968289948111,12.178911133741616,-15.08003414469523,4.326996789930948,19,-922.0641967495296,0.0,0.0,1822.7000000000248,87689.25313090107,89511.95313090109,4665.801486461258,-91593.04888585725,96258.85037231851,2584.705731505106
482,0.02452177452177452,99.55851889894758,0.0022497875082473557,0.23381234631205752,0.09452584452584452,2.5649755809761388,2.52,2.56,2.54,0.040000000000000036,0.49854586959449765,0.059242147049783596,12.211271606682216,-15.151682514917297,4.449285448749295,14,-697.9642174322967,0.0,0.0,3102.600000000025,65377.07555169126,68479.67555169128,3590.9658133665944,-69488.28373202246,73079.24954538906,2582.3576330354117
483,0.024572649572649572,99.57289780359783,0.00014441623439803228,0.23016638403016615,0.09447496947496947,2.5713791141477103,2.5300000000000002,2.57,2.55,0.03999999999999959,0.4993842192976684,0.05924986173504267,12.209814753192639,-15.159323380191616,4.454849537680184,8,-399.5073754381347,0.0,0.0,4644.480000000025,35657.377014390695,40301.85701439072,2057.103291318168,-39780.107066284974,41837.210357603144,2578.8532394239155
484,0.02462352462352462,99.66376491216388,0.0009121525489106156,0.2299470242384239,0.09442409442409441,2.616228762465596,2.59,2.63,2.61,0.040000000000000036,0.5047535351229653,0.059207653642799375,12.21681333252729,-15.185849123624982,4.503029249060757,4,-201.90141404918612,0.0,0.0,5696.400000000025,15962.238225576333,21658.63822557636,1046.4915049862384,-20122.255065231548,21168.746570217787,2582.874665331052
485,0.024674399674399675,99.6549650193166,-8.829970827118452e-05,0.2222776479745228,0.09437321937321937,2.6110167058128297,2.59,2.63,2.61,0.040000000000000036,0.5042203549432018,0.05922973047233488,12.212626908143307,-15.187594485155193,4.495661310164183,9,-453.79831944888167,0.0,0.0,4401.300000000025,41063.760382792294,45465.06038279232,2349.915035231547,-45223.255650502964,47573.17068573451,2591.7197675209027
486,0.024725274725274724,99.62840076740213,-0.00026659778619247065,0.22046807237194246,0.09432234432234432,2.596870930343165,2.57,2.61,2.59,0.040000000000000036,0.5026341597173374,0.05926352304635804,12.206497058631996,-15.184978114796127,4.478402891077197,9,-453.79831944888167,-1.4275757032780234,-1.4275757032780234,4401.300000000025,41063.760382792294,45465.06038279232,2337.1838373088485,-45211.200837626755,47548.3846749356,2591.0433824744105
487,0.024776149776149774,99.50669429468046,-0.0012223509656855646,0.22234465976057505,0.09427146927146926,2.5353652177424664,2.5,2.54,2.52,0.040000000000000036,0.4954024424739404,0.05934936920776429,12.187753494021727,-15.15640421418439,4.408180490053034,9,-453.79831944888167,-7.936121222335316,-7.936121222335316,4401.300000000025,41063.760382792294,45465.06038279232,2281.8286959682196,-45155.97064483961,47437.79934080783,2590.9184339209314
488,0.024827024827024827,99.57398632520785,0.0006760277579983211,0.21992350833329521,0.09422059422059421,2.568064080073505,2.54,2.58,2.56,0.040000000000000036,0.49938154815837926,0.05932913954476115,12.193499290612134,-15.178728170990874,4.443193290814929,3,-149.81446444751379,0.0,0.0,5949.180000000025,10793.36271759107,16742.542717591095,770.4192240220515,-14917.623434215076,15688.042658237127,2595.33850739807
489,0.024877899877899876,99.44110212797331,-0.0013354185154056063,0.22253725944907352,0.09416971916971917,2.5014578111634265,2.48,2.52,2.5,0.040000000000000036,0.4914774305874671,0.05941097817055045,12.171175285827038,-15.144627213193761,4.366800507778453,3,-149.81446444751379,-2.3712352712736617,-2.3712352712736617,5949.180000000025,10793.36271759107,16742.542717591095,750.437343349028,-14897.715459372845,15648.152802721872,2595.26460156728
490,0.02492877492877493,99.5450955395411,0.0010452325061196801,0.22317152994953676,0.09411884411884411,2.5521172813177984,2.5300000000000002,2.57,2.55,0.03999999999999959,0.4976394017094054,0.05937746082599497,12.18317894352271,-15.17861817905525,4.4222157273228175,12,-597.1672820512865,0.0,0.0,3672.0000000000246,55322.91509689312,58994.91509689314,3062.540737581358,-59445.0741448834,62507.61488246476,2612.3816895911004
491,0.02497964997964998,99.71484740336264,0.0017038236825778308,0.22555243459751623,0.09406796906796906,2.6366730655180817,2.6,2.64,2.62,0.040000000000000036,0.5076987262077165,0.05928240240773852,12.198597492986718,-15.224408664601622,4.514173955566333,12,-597.1672820512865,12.071189397973285,12.071189397973285,3672.0000000000246,55322.91509689312,58994.91509689314,3164.007678621698,-59546.444404024856,62710.45208264655,2612.4783714899822
492,0.02503052503052503,99.7722957775786,0.0005759606848643565,0.21621430192983587,0.09401709401709402,2.6651620740696913,2.63,2.67,2.65,0.040000000000000036,0.5110928107040396,0.05925241792233569,12.199878700517116,-15.24041289971078,4.543633769727907,12,-613.3113728448475,0.0,0.0,3672.0000000000246,56933.56756195828,60605.567561958305,3198.1944888836297,-61191.48369522891,64389.67818411254,2612.2783556130235
493,0.02508140008140008,99.72757046319474,-0.0004483743871709438,0.20463837317232242,0.09396621896621896,2.64158758399342,2.61,2.65,2.63,0.040000000000000036,0.5084308933211139,0.05930472218141503,12.19310142976442,-15.234912313870161,4.516297457109127,12,-613.3113728448475,-3.194300859510804,-3.194300859510804,3672.0000000000246,56933.56756195828,60605.567561958305,3169.9051007921043,-61164.05315126323,64333.95825205534,2611.4195114871836
494,0.02513227513227513,99.7987176816576,0.0007131613797849812,0.2051187840838575,0.09391534391534391,2.677135159035309,2.64,2.68,2.66,0.040000000000000036,0.5126383300253263,0.05926197843728447,12.19509821391746,-15.253393741723345,4.55334577995908,12,-613.3113728448475,1.854623185544142,1.854623185544142,3672.0000000000246,56933.56756195828,60605.567561958305,3212.562190842371,-61207.688549492785,64420.250740335156,2610.4412033078916
495,0.02518315018315018,99.75047044295394,-0.00048356237474330837,0.20550824858625807,0.09386446886446886,2.651695145707258,2.62,2.66,2.64,0.040000000000000036,0.5097674548101773,0.0593187003255001,12.188364682310507,-15.247531264680726,4.524065429974182,12,-613.3113728448475,-1.590427072634725,-1.590427072634725,3672.0000000000246,56933.56756195828,60605.567561958305,3182.0341748487094,-61178.09796928746,64360.13214413617,2609.5037675195563
496,0.025234025234025233,99.8970969396938,0.0014688535906016843,0.20467464746191083,0.0938135938135938,2.7263005595726852,2.69,2.73,2.71,0.040000000000000036,0.5184474568117405,0.05920208340832641,12.193578533087436,-15.27873561575801,4.602972920119643,7,-362.91321976821837,0.0,0.0,5036.900000000025,31918.26828811341,36955.16828811343,1908.4103917008797,-36253.97709588211,38162.38748758299,2609.601583932199
497,0.025284900284900283,99.61050272520714,-0.0028730174900861924,0.21294778860359548,0.09376271876271876,2.579377032400288,2.5500000000000003,2.59,2.5700000000000003,0.03999999999999959,0.5014315600290498,0.05945171142139641,12.168232451872028,-15.222825492944875,4.441396788150646,4,-200.5726240116199,0.0,0.0,5813.840000000026,15746.631390671206,21560.47139067123,1031.7508129601151,-19979.139910711412,21010.890723671528,2613.082292919935
498,0.025335775335775336,99.55813856324863,-0.0005258273875474469,0.21301760559911714,0.09371184371184371,2.5524276510168207,2.5300000000000002,2.57,2.55,0.03999999999999959,0.49830381353924164,0.05949897037852695,12.158504213643841,-15.212942349697562,4.409870618566206,10,-498.3038135392416,0.0,0.0,4295.720000000026,45386.71233411193,49682.43233411195,2552.4276510168206,-49610.200114935025,52162.627765951846,2624.6598701937473
499,0.025386650386650386,99.24768806930702,-0.0031231554079391385,0.22435623070489202,0.09366096866096865,2.399829508044384,2.37,2.41,2.39,0.040000000000000036,0.47979313626727405,0.05962523286125691,12.101862430313329,-15.117386826501464,4.235211322911394,12,-575.7517635207289,0.0,0.0,3821.6800000000258,53072.8579889828,56894.53798898283,2879.795409653261,-57142.03143125872,60021.826840911985,2632.3019673773742
500,0.025437525437525435,99.01520229581168,-0.0023452283947348073,0.22968069377143518,0.0936100936100936,2.2891315473198333,2.2600000000000002,2.3000000000000003,2.2800000000000002,0.040000000000000036,0.46590738632939166,0.05963956542290071,12.04158314598514,-15.026762941943105,4.104126979680702,9,-419.31664769645243,0.0,0.0,4511.620000000026,37582.628876741364,42094.24887674139,2060.21839258785,-41518.722697665835,43578.941090253684,2635.744571663403
501,0.025488400488400488,99.22741704477019,0.0021409607149605317,0.23362183194736322,0.09355921855921856,2.388578046166728,2.36,2.4,2.38,0.040000000000000036,0.4785461881625567,0.05966007889831963,12.090839690838898,-15.117440319674024,4.219176846602309,9,-419.31664769645243,11.374921649848545,11.374921649848545,4511.620000000026,37582.628876741364,42094.24887674139,2149.720241550055,-41607.70787479086,43757.42811634092,2636.2612435005867
502,0.025539275539275538,99.36698100055553,0.0014055177803047358,0.22888342962707428,0.0935083435083435,2.455175089302358,2.42,2.46,2.44,0.040000000000000036,0.48685390867883027,0.05964639929830686,12.115503467555778,-15.170702245295631,4.294092769238307,6,-292.1123452072981,0.0,0.0,5249.560000000027,24942.089372737217,30191.649372737244,1473.1050535814147,-29026.32185624131,30499.426909822723,2638.432570077348
503,0.02559015059015059,99.25493875867957,-0.0011281962624870674,0.21773199558085993,0.09345746845746845,2.4002314211092894,2.37,2.41,2.39,0.040000000000000036,0.48015066832762376,0.05968844296317238,12.090136248678807,-15.135304635894158,4.229613412429282,-2,96.03013366552477,1.4210854715202004e-14,1.4210854715202004e-14,7177.400000000027,-13584.894850325407,-6407.49485032538,-480.0462842218579,9531.465035959474,10011.511320181333,2643.923901412237
504,0.02564102564102564,99.02127953593079,-0.0023569072773670817,0.22079821001380473,0.09340659340659341,2.288904056685368,2.27,2.31,2.29,0.040000000000000036,0.46618002091148664,0.05970432228272197,12.029928745241115,-15.04446696685097,4.098012350752578,-2,96.03013366552477,2.794129483227451,2.794129483227451,7177.400000000027,-13584.894850325407,-6407.49485032538,-457.7808113370736,9509.026709566726,9966.8075209038,2643.751047904272
505,0.02569190069190069,98.56179099008587,-0.004651100653049738,0.2445981552562278,0.09335571835571835,2.080243812762177,2.06,2.1,2.08,0.040000000000000036,0.4387553682549367,0.059504535719377576,11.872190319870091,-14.81215464358317,3.842920098099301,5,-219.37768412746834,0.0,0.0,5735.260000000027,17500.71020565597,23235.970205655998,1040.1219063810886,-21622.257450860612,22662.3793572417,2653.8346611764755
506,0.025742775742775743,98.47784786673594,-0.0008520430601213441,0.24512756117113607,0.0933048433048433,2.042871776239245,2.02,2.06,2.04,0.040000000000000036,0.43373220160594406,0.05944966567996057,11.83459453832603,-14.765576736707791,3.794721225414823,9,-390.3589814453496,0.0,0.0,4927.180000000027,34337.73849747416,39264.91849747419,1838.5845986153206,-38441.71238818914,40280.29698680446,2661.7907079003708
507,0.025793650793650792,98.85266598848564,0.0037988911617852466,0.2505595381952611,0.09325396825396826,2.208863368404991,2.18,2.22,2.2,0.040000000000000036,0.4560408224485984,0.05970601382051296,11.969743729598955,-14.976643847561137,3.997982982778508,18,-820.8734804074771,0.0,0.0,2965.0000000000264,76893.11659127913,79858.11659127916,3975.9540631289838,-81145.53197752604,85121.48604065503,2688.5386768821045
508,0.025844525844525842,98.92022710589295,0.0006832192114735434,0.24787880504152762,0.0932030932030932,2.2390465790279848,2.2,2.24,2.22,0.040000000000000036,0.46005129663560135,0.05974511493548267,11.987417110180267,-15.01315617328363,4.032835598565937,13,-598.0666856262817,0.0,0.0,4084.9000000000265,54851.91584585018,58936.8158458502,2910.7605527363803,-59160.892366620465,62071.65291935684,2686.6840319661133
509,0.025895400895400895,98.83348535691151,-0.0008772705550178964,0.2463305496161858,0.09315221815221815,2.198603919995506,2.16,2.2,2.18,0.040000000000000036,0.45484462533531234,0.059730032728558057,11.95685207500125,-14.974508726671973,3.982748768955225,9,-409.3601628017811,0.0,0.0,4964.820000000027,36200.45995935319,41165.27995935322,1978.7435279959552,-40458.49165597274,42437.235183968696,2685.531831376429
510,0.025946275946275944,98.90571971561408,0.0007306023293582011,0.2465818699101482,0.0931013431013431,2.230851455821167,2.2,2.24,2.22,0.040000000000000036,0.4591357758389551,0.05977253131685912,11.976311695772376,-15.013716493058723,4.020144195579625,3,-137.7407327516865,2.842170943040401e-14,2.842170943040401e-14,6308.700000000027,9334.401505742797,15643.101505742823,669.2554367463501,-13623.34630696161,14292.60174370796,2689.010635527564
511,0.025997150997150997,98.66383207278726,-0.0024486340278301,0.25225508354641657,0.09305046805046804,2.12078232700604,2.1,2.14,2.12,0.040000000000000036,0.44466182913946056,0.0596712250684623,11.891103400720096,-14.892142775298046,3.8849740718334282,6,-266.79709748367634,0.0,0.0,5678.640000000027,22066.960343809333,27745.60034380936,1272.469396203624,-26323.224023636496,27595.69341984012,2694.8457163764906
512,0.026048026048026047,98.61788983936135,-0.00046575256755813736,0.25227174697247384,0.092999592999593,2.099660116478468,2.07,2.11,2.09,0.040000000000000036,0.4418921067890068,0.05965562777260779,11.870432973335198,-14.869934650571023,3.857512168338922,6,-266.79709748367634,-1.6618334102722088,-1.6618334102722088,5678.640000000027,22066.960343809333,27745.60034380936,1259.7960698870806,-26310.966769106544,27570.762838993625,2694.429644589898
513,0.026098901098901096,98.63336446945223,0.00015690272973753296,0.25219378253929403,0.09294871794871795,2.1057483278161726,2.08,2.12,2.1,0.040000000000000036,0.44278656279064105,0.05968219985092056,11.872949001979782,-14.882376627833029,3.863671868463412,6,-266.79709748367634,-1.1251598092917448,-1.1251598092917448,5678.640000000027,22066.960343809333,27745.60034380936,1263.4489966897036,-26315.095355499427,27578.54435218913,2693.9539849996363
514,0.02614977614977615,98.62011847158008,-0.00013430432451194487,0.25107240537667186,0.09289784289784289,2.0991315616145414,2.07,2.11,2.09,0.040000000000000036,0.441967068788787,0.059688596013003505,11.86453478515165,-14.87850701769485,3.8541190558793956,6,-266.79709748367634,-1.616856210404137,-1.616856210404137,5678.640000000027,22066.960343809333,27745.60034380936,1259.4789369687248,-26311.561361713862,27571.040298682587,2693.517919064223
515,0.0262006512006512,98.74265386414355,0.001241727675973976,0.25260364559456394,0.09284696784696785,2.152976009302108,2.13,2.17,2.15,0.040000000000000036,0.4492588734748686,0.059781504826732196,11.906026363327886,-14.949768398857108,3.9188882941117207,6,-266.79709748367634,2.7582266012448144,2.7582266012448144,5678.640000000027,22066.960343809333,27745.60034380936,1291.785605581265,-26344.253448788815,27636.03905437008,2693.1325006018124
516,0.026251526251526252,98.79614906376683,0.0005416171419293844,0.24990158315070027,0.09279609279609279,2.17633266339309,2.15,2.19,2.17,0.040000000000000036,0.4524313844969076,0.059824699661785344,11.921006692469852,-14.981541507923074,3.945888991303083,-1,45.243138449690775,1.4210854715202004e-14,1.4210854715202004e-14,7211.500000000026,-8762.954738039734,-1551.454738039708,-217.63326633930902,4469.847850388291,4687.481116727599,2700.7598460092736
517,0.0263024013024013,98.89989334505796,0.0010495333093174634,0.24792001642374428,0.09274521774521774,2.222826935153016,2.2,2.24,2.22,0.040000000000000036,0.458615534643661,0.0598825996828659,11.951061976849292,-15.037181083432152,4.000490820188113,3,-137.58466039309832,0.0,0.0,6331.420000000026,9317.790985533517,15649.210985533544,666.8480805459047,-13607.108238793444,14273.956319339348,2708.950827286004
518,0.02635327635327635,98.79320016968369,-0.001079382024288743,0.24910365954087385,0.0926943426943427,2.173474153852581,2.15,2.19,2.17,0.040000000000000036,0.4522023036143783,0.05985516430315641,11.91328809905002,-14.987471372555886,3.9396058316921816,3,-137.58466039309832,-1.9239693087848195,-1.9239693087848195,6331.420000000026,9317.790985533517,15649.210985533544,652.0422461557744,-13592.428894493312,14244.471140649086,2708.824337196005
519,0.026404151404151404,98.93256175348263,0.0014096454151504628,0.23305471300892244,0.09264346764346763,2.2363091199348517,2.21,2.25,2.23,0.040000000000000036,0.4605237359768715,0.05992493190765499,11.954283250440602,-15.060379337621164,4.013730415739422,3,-137.58466039309832,0.5724603999631483,0.5724603999631483,6331.420000000026,9317.790985533517,15649.210985533544,670.8927359804555,-13611.602910672134,14282.49564665259,2708.500810841864
520,0.026455026455026454,99.18584737414623,0.00255691290650991,0.24038498624294005,0.09259259259259259,2.354104023661975,2.33,2.37,2.35,0.040000000000000036,0.4756874507552189,0.05997110786840901,12.018227287686601,-15.174201195066518,4.150681376364988,1,-47.56874507552189,0.0,0.0,6805.3800000000265,389.03973235841113,7194.419732358438,235.4104023661975,-4718.146288840385,4953.556691206582,2711.6838458842503
521,0.026505901505901503,99.03504653529018,-0.0015215436170734026,0.23669718362522044,0.09254171754171754,2.282282979449171,2.2600000000000002,2.3000000000000003,2.2800000000000002,0.040000000000000036,0.4666214194149261,0.05997994279991681,11.97689117987365,-15.114960722538928,4.065319802662541,6,-279.97285164895567,0.0,0.0,5675.280000000026,23404.04043427549,29079.320434275513,1369.3697876695026,-27727.12439167222,29096.494179341724,2721.565830272797
522,0.026556776556776556,98.89727003209467,-0.0013921579642673103,0.23826683819442157,0.09249084249084248,2.217796890077679,2.19,2.23,2.21,0.040000000000000036,0.45833489126089005,0.05996205791045504,11.93346469719473,-15.054757723876387,3.9873054342712564,11,-504.16838038697904,0.0,0.0,4580.180000000026,45575.257563580744,50155.43756358077,2439.576579085447,-49860.87645677489,52300.45303586034,2734.137685891328
523,0.026607651607651606,99.10486541454621,0.0020969012081570484,0.24250869191226143,0.09243996743996744,2.313466759028209,2.2800000000000002,2.32,2.3,0.03999999999999959,0.47076666217468727,0.06001978639638391,11.988555615213382,-15.152755321252986,4.098954542447364,11,-504.16838038697904,13.67494800517693,13.67494800517693,4580.180000000026,45575.257563580744,50155.43756358077,2544.8134349310303,-49965.539484521294,52510.35291945232,2734.7115139905
524,0.02665852665852666,99.07519281117597,-0.0002994509524079126,0.24252984641881334,0.09238909238909238,2.2987539564658235,2.27,2.31,2.29,0.040000000000000036,0.4689638549559595,0.06003371582626754,11.977562867488551,-15.143965463384928,4.080265445507686,11,-504.16838038697904,11.691860064576417,11.691860064576417,4580.180000000026,45575.257563580744,50155.43756358077,2528.6293521124057,-49950.579496138256,52479.20884825066,2733.487419554913
525,0.026709401709401708,99.29376200197942,0.0022036641717397424,0.24818796033746693,0.09233821733821733,2.4019140838850817,2.37,2.41,2.39,0.040000000000000036,0.4820670427739792,0.06003929856725171,12.02496185138799,-15.234295822659725,4.198095750738557,11,-530.2737470513772,0.0,0.0,4580.180000000026,48167.22802312668,52747.4080231267,2642.10549227359,-52652.875235617284,55294.98072789088,2736.6382797830083
526,0.026760276760276758,99.22491393014282,-0.0006936181119846779,0.24721799750790668,0.09228734228734228,2.3680931592650865,2.34,2.38,2.36,0.040000000000000036,0.47791358010547574,0.06006608789671044,12.00703092177191,-15.212590428969806,4.157806930028661,4,-191.16543204219033,-2.842170943040401e-14,-2.842170943040401e-14,6246.040000000025,14517.552253675865,20763.59225367589,947.2372637060346,-18968.373540804903,19915.61080451094,2742.4559765770246
527,0.02681115181115181,99.45180707451189,0.0022840445711081675,0.25232022602733806,0.09223646723646722,2.477296198930624,2.45,2.49,2.47,0.040000000000000036,0.49152108822135615,0.060024046989704934,12.046918506976695,-15.295104151342532,4.280266858311139,-3,147.45632646640684,-2.842170943040401e-14,-2.842170943040401e-14,7988.900000000025,-19160.677372043014,-11171.777372042989,-743.1888596791872,14664.798131653335,15407.986991332522,2749.8318999311596
528,0.02686202686202686,99.47240864630164,0.00020712985383744944,0.25056717690180513,0.09218559218559218,2.4866564825386135,2.47,2.5100000000000002,2.49,0.040000000000000036,0.4927421626685312,0.06003179755553485,12.046817934495069,-15.305357530741588,4.2891737394584135,-3,147.45632646640684,-0.36632233415252813,-0.36632233415252813,7988.900000000025,-19160.677372043014,-11171.777372042989,-745.996944761584,14667.835963748885,15413.832908510469,2750.061646944312
529,0.026912901912901913,99.51280398891635,0.000406013518639371,0.24960765563535622,0.09213471713471713,2.505830574359287,2.49,2.5300000000000002,2.5100000000000002,0.040000000000000036,0.4951520274877315,0.0600294963584989,12.049488583725973,-15.321294381595603,4.308968988809244,-6,297.0912164926389,0.0,0.0,8747.840000000026,-34052.00938250055,-25304.169382500528,-1503.498344615572,29564.37999366069,31067.87833827626,2756.7122665445895
530,0.026963776963776963,99.7575219053541,0.0024561413081838554,0.2528275780957642,0.09208384208384207,2.6280165373297066,2.62,2.66,2.64,0.040000000000000036,0.5098135377783615,0.05988507441983172,12.073022506587973,-15.386586827114913,4.441177793634852,-10,509.81353777836154,0.0,0.0,9811.760000000026,-55273.72204050007,-45461.962040500046,-2628.016537329707,50857.73516257097,53485.75169990068,2767.756584741219
531,0.027014652014652012,99.70098716395242,-0.0005668822371068648,0.25280835787345124,0.09203296703296703,2.598507824667486,2.59,2.63,2.61,0.040000000000000036,0.5064150141328427,0.05994597975787453,12.064937700557678,-15.37813303760225,4.4076031908442275,-8,405.1320113062742,0.0,0.0,9293.720000000027,-44837.3923559799,-35543.67235597987,-2078.8062597339886,40392.06145895307,42470.867718687055,2769.582843239208
532,0.027065527065527065,99.5539376421134,-0.001475994118374316,0.25475766585917176,0.09198209198209198,2.52390766191224,2.5100000000000002,2.5500000000000003,2.5300000000000002,0.040000000000000036,0.4975785193683195,0.0600577836564901,12.045148239669267,-15.344851434172451,4.324261485298356,-8,405.1320113062742,7.069195811618613,7.069195811618613,9293.720000000027,-44837.3923559799,-35543.67235597987,-2019.126129529792,40332.4869904088,42351.61311993859,2769.6885048991317
533,0.027116402116402115,99.48396806277931,-0.0007030779586283087,0.254562397561279,0.09193121693121692,2.4884596033248343,2.48,2.52,2.5,0.040000000000000036,0.4933597566696684,0.0601094309092282,12.03190806936901,-15.32859918163634,4.283344449404684,-13,641.3676836705689,0.0,0.0,10553.620000000026,-68340.22952386283,-57786.609523862804,-3234.9974843222844,63805.80215878162,67040.7996431039,2784.195150596526
534,0.027167277167277164,99.55468659799038,0.0007106010468915227,0.25499686883939454,0.09188034188034187,2.5227185778073604,2.52,2.56,2.54,0.040000000000000036,0.49759527980296214,0.06009059224386702,12.038577882980453,-15.353001899387518,4.319774813870689,-18,895.6715036453318,0.0,0.0,11833.520000000026,-93658.63247897703,-81825.11247897701,-4540.893440053249,89168.29584016181,93709.18928021505,2802.2899211315525
535,0.027218152218152217,99.31046368502538,-0.0024561672610367855,0.2581066291770741,0.09182946682946683,2.402210345949996,2.4,2.44,2.42,0.040000000000000036,0.48288852682694405,0.060200708983077854,11.99489274092236,-15.279426531767141,4.183169518536316,-18,869.1993482884992,0.0,0.0,11833.520000000026,-91029.80190384912,-79196.2819038491,-4323.978622709993,86320.59031325273,90644.56893596273,2800.3297866936337
536,0.027269027269027267,99.40993474381325,0.0010011158178236431,0.2515433125792491,0.09177859177859177,2.449762397007305,2.45,2.49,2.47,0.040000000000000036,0.48885892482674176,0.06018905242365194,12.009948749181648,-15.317316392642077,4.235368296692379,-22,1075.489634618832,0.0,0.0,12829.440000000026,-111538.13117142518,-98708.69117142515,-5389.477273416071,106914.35439510565,112303.83166852171,2816.1859502644365
537,0.02731990231990232,99.32600558859404,-0.0008446299151371315,0.2519556315277746,0.09172771672771672,2.408166978559798,2.41,2.45,2.43,0.040000000000000036,0.48378826406843173,0.060230343407005234,11.991252405702308,-15.292817623491812,4.186873915451843,-22,1075.489634618832,11.155453668282235,11.155453668282235,12829.440000000026,-111538.13117142518,-98708.69117142515,-5297.967352831556,106824.08945862508,112122.05681145664,2817.430934368371
538,0.02737077737077737,99.50514626621403,0.0018019382216624157,0.24515097406015685,0.09167684167684167,2.495018215895122,2.5,2.54,2.52,0.040000000000000036,0.4945578908816461,0.060182692044803615,12.018354753158675,-15.354745776078724,4.282778732713416,-22,1075.489634618832,-12.537725320789377,-12.537725320789377,12829.440000000026,-111538.13117142518,-98708.69117142515,-5489.040074969269,107016.75340054397,112505.79347551323,2819.0221541495557
539,0.02742165242165242,99.13208197052575,-0.0037562418449061338,0.2542101761437532,0.09162596662596662,2.3139328776007986,2.32,2.36,2.34,0.040000000000000036,0.4720630671825986,0.06028333506130825,11.94172252050837,-15.226085642836168,4.07576688493477,-22,1038.538747801717,0.0,0.0,12829.440000000026,-107875.29598150434,-95045.85598150431,-5090.652330721757,102952.50827664697,108043.16060736873,2815.999964420902
540,0.027472527472527472,99.00988128656806,-0.0012334661213841368,0.2509848327252649,0.09157509157509157,2.255924516318693,2.2600000000000002,2.3000000000000003,2.2800000000000002,0.040000000000000036,0.4646738601615511,0.060285524598815414,11.906117561724695,-15.176655999448665,4.006536558172876,-22,1022.2824923554125,0.0,0.0,12829.440000000026,-106265.84653609771,-93436.40653609768,-4963.033935901124,101216.06820944631,106179.10214534744,2816.627737447503
541,0.02752340252340252,98.74828865674864,-0.002645582556418596,0.25522227931663716,0.09152421652421652,2.1356654973368236,2.14,2.18,2.16,0.040000000000000036,0.4488871858510128,0.06020127561074185,11.820165303179595,-15.050098455252304,3.8615143189766394,-15,673.3307787765192,0.0,0.0,11331.300000000027,-71809.18491556907,-60477.88491556905,-3203.4982460052356,66490.26210409708,69693.76035010233,2808.8789425228024
542,0.027574277574277575,98.6204227698909,-0.0012957059284873758,0.255578382985161,0.09147334147334146,2.0779979402839146,2.07,2.11,2.09,0.040000000000000036,0.4411650511356572,0.060133409460148377,11.769737392593136,-14.98213242393613,3.7897301014142855,-11,485.28155624922294,0.0,0.0,10503.220000000027,-53264.61836306918,-42761.39836306915,-2285.797734312306,47858.672239728956,50144.46997404126,2811.4761423474993
543,0.027625152625152624,98.65883681942789,0.00038943830286521444,0.2507838359623748,0.09142246642246642,2.0942258144146493,2.09,2.13,2.11,0.040000000000000036,0.4434465866096339,0.060177171534917424,11.78092434989387,-15.007985086523743,3.8082667076633814,-7,310.4126106267437,0.0,0.0,9667.140000000027,-36013.114210454136,-26345.974210454107,-1465.9580700902545,30624.947098516514,32090.90516860677,2813.014817972151
544,0.027676027676027674,98.63117315682452,-0.0002804365288241763,0.22784901020688342,0.09137159137159137,2.081218661928091,2.07,2.11,2.09,0.040000000000000036,0.441752700516043,0.060173518604917715,11.767052053264464,-14.99585043523241,3.79094961892326,-4,176.7010802064172,0.0,0.0,9046.080000000027,-22825.648506758404,-13779.568506758376,-832.4874647712363,17428.234838837074,18260.72230360831,2816.1788673074607
545,0.027726902726902727,98.59204472819637,-0.00039679333458961187,0.2271780003111516,0.09132071632071631,2.0632177842169312,2.05,2.09,2.07,0.040000000000000036,0.43936869596301315,0.0601597730953751,11.748486634432954,-14.976692930208179,3.7674398357196934,-4,176.7010802064172,0.9536018212119473,0.9536018212119473,9046.080000000027,-22825.648506758404,-13779.568506758376,-825.2871136867725,17421.320803231698,18246.60791691847,2816.465182786549
546,0.027777777777777776,98.5674996229915,-0.0002489872393685304,0.2099621658889694,0.09126984126984126,2.0516902621767485,2.04,2.08,2.06,0.040000000000000036,0.43786180920097334,0.060155989428826634,11.735357659284592,-14.965802213169727,3.7518524975267424,4,-175.14472368038935,0.0,0.0,7413.920000000027,11853.178607148442,19267.09860714847,820.6761048706994,-17263.57748533573,18084.253590206426,2824.197226683442
547,0.027828652828652826,98.59904215931678,0.00031995830843483563,0.20944217512000146,0.09121896621896622,2.064769028516359,2.04,2.08,2.06,0.040000000000000036,0.4397296701943263,0.06019742562023893,11.74440820319903,-14.988302469778322,3.7666277159231756,4,-175.14472368038935,0.7471443973411738,0.7471443973411738,7413.920000000027,11853.178607148442,19267.09860714847,825.9076114065437,-17269.101994144596,18095.00960555114,2823.9042244104166
548,0.02787952787952788,98.44320351856257,-0.001581779305354431,0.21141140676067063,0.09116809116809116,1.9962148434657294,1.97,2.0100000000000002,1.9900000000000002,0.04000000000000026,0.4303264469064845,0.06007430290618037,11.67685154135122,-14.89618117083697,3.6801366745316675,-1,43.03264469064845,0.0,0.0,8418.820000000027,-9625.974374499914,-1207.1543744998871,-199.62148434657294,4236.271399223497,4435.89288357007,2829.4955403770364
549,0.02793040293040293,98.55253457922636,0.0011099841341216648,0.21235321918870248,0.09111721611721611,2.0428607417561864,2.02,2.06,2.04,0.040000000000000036,0.43686931557827874,0.06019158487024121,11.719106412163892,-14.967963620401942,3.7368735348382063,-1,43.03264469064845,-0.6542868671794224,-0.6542868671794224,8418.820000000027,-9625.974374499914,-1207.1543744998871,-204.28607417561864,4240.976203910694,4445.262278086312,2829.535755235188
550,0.02798127798127798,98.6551468172838,0.0010406516276772696,0.20669368768945526,0.09106634106634107,2.087241244285309,2.07,2.11,2.09,0.040000000000000036,0.44302076363428816,0.06028769435425501,11.75570658405825,-15.032223508830242,3.7900934397098816,3,-132.90622909028644,0.0,0.0,7590.740000000027,7730.433185454596,15321.173185454623,626.1723732855927,-13111.883543833765,13738.055917119358,2835.462014906452
551,0.02803215303215303,98.71485133060035,0.0006050009190643601,0.20684945933788917,0.091015466015466,2.1130324842512707,2.09,2.13,2.11,0.040000000000000036,0.44659320117242646,0.06034374633823893,11.774301125001921,-15.069700149105875,3.820132901699882,6,-267.9559207034559,0.0,0.0,6963.680000000028,21061.17684478055,28024.85684478058,1267.8194905507623,-26451.228875395784,27719.048365946546,2841.44745993556
552,0.02808302808302808,98.80117666197988,0.0008741096887521158,0.20771054425229696,0.09096459096459096,2.151040551224341,2.12,2.16,2.14,0.040000000000000036,0.45177774360544953,0.06040888649655062,11.801035476881244,-15.120243395318077,3.8646426641615155,8,-361.4221948843596,0.0,0.0,6539.640000000028,30295.292983171705,36834.93298317173,1720.8324409794727,-35708.93812633013,37429.770567309606,2846.8272978210734
553,0.028133903133903133,98.84722276287931,0.00046593953572613084,0.20788167866300084,0.09091371591371591,2.1711366438568263,2.14,2.18,2.16,0.040000000000000036,0.45453375680163954,0.06044710668597408,11.812900651583533,-15.148047894644016,3.887312563341999,12,-545.4405081619674,0.0,0.0,5683.560000000028,48484.082703212465,54167.64270321249,2605.3639726281917,-53915.27941418408,56520.64338681227,2857.7272616566042
554,0.028184778184778183,99.16346708877619,0.003194217393223351,0.2180027204610483,0.09086284086284085,2.3171265929670923,2.2800000000000002,2.32,2.3,0.03999999999999959,0.4736436143355499,0.06053316318953515,11.898871273651734,-15.29798310063813,4.057118194701022,8,-378.9148914684399,0.0,0.0,6611.480000000028,31969.999529910172,38581.4795299102,1853.7012743736739,-37574.514369577846,39428.21564395152,2860.6664347060214
555,0.028235653235653236,99.14999532377085,-0.00013586334343720092,0.21783785903883082,0.09081196581196581,2.309973166892142,2.2800000000000002,2.32,2.3,0.03999999999999959,0.4728070278915071,0.06054979598169728,11.892244733277323,-15.296382919789975,4.047384104909964,8,-378.9148914684399,-0.6692691552342467,-0.6692691552342467,6611.480000000028,31969.999529910172,38581.4795299102,1847.9785335137137,-37569.40971720296,39417.38825071667,2860.048346220952
556,0.028286528286528285,99.10230894255281,-0.00048106762051728036,0.21706531213014726,0.09076109076109076,2.286718275800567,2.2600000000000002,2.3000000000000003,2.2800000000000002,0.040000000000000036,0.46989776259667293,0.06056407437940179,11.876952446451314,-15.28017150512973,4.019013185623379,13,-610.8670913756748,0.0,0.0,5481.380000000028,54955.84875509298,60437.228755093005,2972.7337585407367,-60538.339212350766,63511.0729708915,2871.623301282976
557,0.028337403337403335,98.98527653592699,-0.0011816229670339406,0.2173530088613923,0.0907102157102157,2.2313649368142734,2.2,2.24,2.22,0.040000000000000036,0.4627868855300595,0.060561102624366044,11.841694580684042,-15.231418930650083,3.952944644834373,13,-610.8670913756748,-9.24414018659752,-9.24414018659752,5481.380000000028,54955.84875509298,60437.228755093005,2900.7744178585554,-60466.84796651855,63367.62238437711,2871.15520643301
558,0.028388278388278388,98.82514795841288,-0.0016190108575002856,0.21818503831892208,0.09065934065934066,2.1572647894576633,2.12,2.16,2.14,0.040000000000000036,0.4530669544803767,0.060519364486707895,11.78866271690699,-15.155920310289812,3.8636421778307466,16,-724.9071271686028,0.0,0.0,4845.320000000029,66225.30866434125,71070.62866434129,3451.6236631322613,-71639.0540985452,75090.67776167746,2883.1982289283624
559,0.028439153439153438,98.6324287378256,-0.0019520069577010463,0.21399606578646943,0.09060846560846561,2.0703075621794937,2.0300000000000002,2.07,2.05,0.03999999999999959,0.4413845410867253,0.06041733054726888,11.716352899270584,-15.05311389601335,3.7570366913738544,16,-706.2152657387605,0.0,0.0,4845.320000000029,64381.59279270051,69226.91279270055,3312.49209948719,-69655.72687154287,72968.21897103006,2883.678020644875
560,0.028490028490028487,98.49504208288536,-0.0013938866725426676,0.21358964073818582,0.09055759055759055,2.0094753778594168,1.97,2.0100000000000002,1.9900000000000002,0.04000000000000026,0.4330597351413181,0.060316860589387775,11.657757279677693,-14.9735337009992,3.68069166654113,16,-706.2152657387605,-13.319689512651507,-13.319689512651507,4845.320000000029,64381.59279270051,69226.91279270055,3215.160604575067,-69558.7023185153,72773.86292309036,2883.3710787603195
561,0.02854090354090354,98.48419768490945,-0.00011010701431933322,0.21163279024454737,0.0905067155067155,2.0040211257904232,1.97,2.0100000000000002,1.9900000000000002,0.04000000000000026,0.43237351978365895,0.06032261386858718,11.649753598036915,-14.970429609934172,3.6725758967780844,16,-706.2152657387605,-14.41763408490624,-14.41763408490624,4845.320000000029,64381.59279270051,69226.91279270055,3206.433801264677,-69551.04383911694,72757.47764038162,2882.3027548482787
562,0.02859177859177859,98.53595250188522,0.0005253758878687221,0.206032939854167,0.09045584045584046,2.025715987962272,1.99,2.0300000000000002,2.0100000000000002,0.04000000000000026,0.4354654057490606,0.060386796270157875,11.667846890028652,-15.006502451738925,3.6981316835761757,16,-706.2152657387605,-9.470616540263563,-9.470616540263563,4845.320000000029,64381.59279270051,69226.91279270055,3241.145580739635,-69587.59388094075,72828.7394616804,2880.4644924994354
563,0.028642653642653643,98.54393969214865,8.105535454584452e-05,0.2060649785684513,0.0904049654049654,2.0284322569138453,1.99,2.0300000000000002,2.0100000000000002,0.04000000000000026,0.4359165040577173,0.060410093388028316,11.667674750865931,-15.015182013498048,3.700139394214859,20,-871.8330081154345,0.0,0.0,4049.240000000029,80701.40157817645,84750.64157817648,4056.8645138276906,-85913.85937335192,89970.72388717961,2893.6467186522495
564,0.028693528693528692,98.42571208961269,-0.0012004653068616012,0.20014274955685507,0.09035409035409035,1.976556654716262,1.94,1.98,1.96,0.040000000000000036,0.4287477368371604,0.0603119599771227,11.614247373847345,-14.944026324220786,3.6343346814670845,23,-986.119794725469,0.0,0.0,3467.180000000029,91949.59749478498,95416.777494785,4546.080305847403,-97059.54300151697,101605.62330736437,2903.3147991154256
565,0.028744403744403742,98.56492170959984,0.0014133630668224106,0.203158608181052,0.0903032153032153,2.036062478187702,1.99,2.0300000000000002,2.0100000000000002,0.04000000000000026,0.43712233525466193,0.06046082161687372,11.66929722945059,-15.03556194385658,3.7068446090673217,16,-699.3957364074591,0.0,0.0,4888.040000000029,63687.25008769358,68575.2900876936,3257.6999651003234,-68935.88600302914,72193.58596812947,2897.104049764792
566,0.028795278795278795,98.67943009719869,0.0011610816676284796,0.19762777333610448,0.09025234025234025,2.085744770965036,2.05,2.09,2.07,0.040000000000000036,0.4440217542641938,0.06056585537585741,11.710145015807145,-15.106984211733652,3.766236376266587,16,-699.3957364074591,11.03907041525099,11.03907041525099,4888.040000000029,63687.25008769358,68575.2900876936,3337.1916335440574,-69015.97268109866,72353.16431464272,2896.5090401390044
567,0.028846153846153844,98.65479149324561,-0.00024971445786332766,0.19740706367057045,0.0902014652014652,2.0740551330811456,2.04,2.08,2.06,0.040000000000000036,0.44250018214559156,0.06056475223248885,11.697487341887145,-15.096610907713185,3.75064079222822,16,-699.3957364074591,8.604555025487343,8.604555025487343,4888.040000000029,63687.25008769358,68575.2900876936,3318.488212929833,-68998.74054654285,72317.22875947268,2895.037754080593
568,0.028897028897028897,98.55384585717407,-0.0010237446619393085,0.1977024581497906,0.09015059015059014,2.02893004564185,1.99,2.0300000000000002,2.0100000000000002,0.04000000000000026,0.4363591968065817,0.06050011392882659,11.654525599254605,-15.040144825322265,3.6940058017569934,12,-523.6310361678981,0.0,0.0,5699.960000000029,46364.09679879274,52064.05679879277,2434.71605477022,-51605.852424523364,54040.568479293586,2892.92042903963
569,0.028947903947903947,98.63877578698227,0.0008613905971890346,0.18948944493898726,0.0900997150997151,2.0654404270425317,2.0300000000000002,2.07,2.05,0.03999999999999959,0.4414706444546313,0.060585713677378784,11.684541455526393,-15.094914716330141,3.7373977643969587,12,-523.6310361678981,6.133737177659555,6.133737177659555,5699.960000000029,46364.09679879274,52064.05679879277,2478.5285124510383,-51650.3243716705,54128.85288412154,2892.260939573316
570,0.028998778998778996,98.66795447406972,0.0002957698124290127,0.1898248639831017,0.09004884004884005,2.077578839144117,2.05,2.09,2.07,0.040000000000000036,0.4432093976080551,0.060623619576162364,11.69216447219676,-15.115732222296057,3.7508030582495615,12,-523.6310361678981,8.220240961768127,8.220240961768127,5699.960000000029,46364.09679879274,52064.05679879277,2493.0946069729403,-51665.60323782412,54158.69784479706,2891.54816794159
571,0.02904965404965405,98.44407662001933,-0.0022715807764412295,0.1932550364786129,0.08999796499796499,1.9791097311742263,1.95,1.99,1.97,0.040000000000000036,0.42962464522874183,0.06044398148910523,11.598120422522102,-14.982098882580457,3.6282582176547638,12,-523.6310361678981,-8.08146189340789,-8.08146189340789,5699.960000000029,46364.09679879274,52064.05679879277,2374.9316774090717,-51548.37384513267,53923.30552254174,2890.6146310691693
572,0.0291005291005291,98.43365489649939,-0.00010587000824722166,0.19305565103978176,0.08994708994708994,1.9738736194386135,1.94,1.98,1.96,0.040000000000000036,0.42896152669152593,0.06044928249055314,11.59012634710205,-14.979050295623555,3.6204043040605267,16,-686.3384427064415,0.0,0.0,4923.880000000029,62379.18070887694,67303.06070887698,3158.1977911017816,-67558.80141156667,70716.99920266845,2902.4570884120767
573,0.02915140415140415,98.47421667709824,0.0004119874015036059,0.19238459383717127,0.0898962148962149,1.9905593103540085,1.96,2.0,1.98,0.040000000000000036,0.4313816960928463,0.06050703124195365,11.604194554133345,-15.009066912229947,3.639845178941202,12,-517.6580353114156,0.0,0.0,5723.800000000029,45767.679188328606,51491.47918832864,2388.6711724248103,-50975.96953389731,53364.64070632212,2904.1808268561363
574,0.0292022792022792,98.33536883040497,-0.0014109868619571065,0.18764107636394547,0.08984533984533984,1.930486677994999,1.9000000000000001,1.94,1.92,0.039999999999999813,0.42295578313616744,0.060371064831651236,11.538957525832796,-14.920668092527913,3.5633583825540724,8,-338.36462650893395,0.0,0.0,6499.720000000029,28135.914160701825,34635.634160701855,1544.3893423959992,-33273.21034691825,34817.599689314244,2906.8131561796035
575,0.02925315425315425,98.36474637491833,0.0002987038894322268,0.1858669275775236,0.08979446479446479,1.9421779343335714,1.9100000000000001,1.95,1.9300000000000002,0.039999999999999813,0.4246954167726524,0.06042166811034015,11.548987494889623,-14.944396278450949,3.5767720531018026,16,-679.5126668362439,0.0,0.0,4971.5600000000295,61691.17677677491,66662.73677677494,3107.4846949337143,-66840.0911318915,69947.57582682521,2930.130339817144
576,0.029304029304029304,98.14052542409506,-0.0022820868476547116,0.19089509273619512,0.08974358974358973,1.8477165904625608,1.81,1.85,1.83,0.040000000000000036,0.4111413005210608,0.06014261043149592,11.43681641958923,-14.788307401906632,3.4552993161992407,16,-657.8260808336972,0.0,0.0,4971.5600000000295,59562.73741518291,64534.29741518294,2956.346544740097,-64559.397210692274,67515.74375543237,2931.2467492307624
577,0.029354904354904354,98.34659432489723,0.0020975316511111226,0.192691858082641,0.08969271469271468,1.9329590792471407,1.9000000000000001,1.94,1.92,0.039999999999999813,0.4235293122707147,0.060432647402387955,11.533739016819434,-14.939481565253525,3.562568291960861,16,-677.6468996331436,0.0,0.0,4971.5600000000295,61511.94997533807,66483.50997533811,3092.734526795425,-66644.26473374512,69736.99926054054,2931.97976838841
578,0.029405779405779403,98.53945128759064,0.0019590725566655687,0.18209731384885122,0.08964183964183964,2.01499829878842,1.98,2.02,2.0,0.040000000000000036,0.43517282312930083,0.0606508559251251,11.614236218517817,-15.069227718669628,3.6633655323193834,14,-609.2419523810212,0.0,0.0,5375.5200000000295,54771.02697845898,60146.54697845901,2820.997618303788,-60034.36768900625,62855.365307310036,2933.1769077565477
579,0.029456654456654456,98.5004922091673,-0.0003954434643009196,0.1804918622450921,0.08959096459096458,1.9973248879195182,1.96,2.0,1.98,0.040000000000000036,0.4327783038100271,0.06063069089727831,11.594611779512862,-15.048523017230085,3.6402198518280526,14,-609.2419523810212,-3.352327046983305,-3.352327046983305,5375.5200000000295,54771.02697845898,60146.54697845901,2796.2548430873258,-60010.63218400466,62806.88702709199,2932.1696375416795
580,0.029507529507529506,98.55676507840644,0.0005711321830355632,0.1715475185550476,0.08954008954008953,2.0210071054440775,1.99,2.0300000000000002,2.0100000000000002,0.04000000000000026,0.4361602335305434,0.06069929523852371,11.614398802472442,-15.08759962018077,3.668057633201908,14,-609.2419523810212,1.3823745617395389,1.3823745617395389,5375.5200000000295,54771.02697845898,60146.54697845901,2829.4099476217084,-60044.91597672599,62874.3259243477,2931.0409493547268
581,0.02955840455840456,98.18484341970743,-0.003780817942650308,0.1890616693437362,0.08948921448921449,1.8622241901326007,1.83,1.87,1.85,0.040000000000000036,0.4136210890177928,0.06028581713235331,11.441881152003667,-14.839324052105043,3.467626312669208,14,-579.06952462491,0.0,0.0,5375.5200000000295,51808.40375987802,57183.923759878046,2607.1138661856407,-56855.850604421204,59462.96447060684,2935.1870216424795
582,0.029609279609279608,98.00692464923782,-0.0018137235929331509,0.1924691654543486,0.08943833943833943,1.7888378923170194,1.76,1.8,1.78,0.040000000000000036,0.4028786690377894,0.060025839214802555,11.344834693421296,-14.706906315075319,3.37147314096107,14,-564.0301366529052,0.0,0.0,5375.5200000000295,50334.36589792691,55709.88589792694,2504.373049243827,-55278.859102840586,57783.23215208441,2935.3998443301825
583,0.029660154660154658,97.96183315313843,-0.00046019066917414955,0.1925648022492498,0.08938746438746438,1.769986016807529,1.74,1.78,1.76,0.040000000000000036,0.4001327274996175,0.0599642495125044,11.31632751803633,-14.6744005821858,3.345571623176165,14,-564.0301366529052,-3.8443181534407813,-3.8443181534407813,5375.5200000000295,50334.36589792691,55709.88589792694,2477.9804235305405,-55253.426140133764,57731.406563664306,2934.44018132372
584,0.02971102971102971,97.79724141366998,-0.0016815749524486975,0.19546985172617568,0.08933658933658933,1.704198678810286,1.67,1.71,1.69,0.040000000000000036,0.3902441968341745,0.05967350824763652,11.217261114205872,-14.541007868613645,3.257266296790279,9,-351.219777150757,0.0,0.0,6230.420000000029,29521.05918106025,35751.47918106028,1533.7788109292574,-34348.32533526795,35882.10414619721,2936.932656721583
585,0.02976190476190476,97.90701451739788,0.001121826551170988,0.1977290364949339,0.08928571428571427,1.7466524043731937,1.72,1.76,1.74,0.040000000000000036,0.3967644207593368,0.05989731105158541,11.278195018280613,-14.636723612499678,3.312443526687335,9,-351.219777150757,5.86820153264614,5.86820153264614,6230.420000000029,29521.05918106025,35751.47918106028,1571.9871639358744,-34386.87982029642,35958.86698423229,2936.5865246997346
586,0.02981277981277981,98.21442859875481,0.0031349385180977395,0.21100791745740977,0.08923483923483923,1.8707050374981478,1.84,1.8800000000000001,1.86,0.040000000000000036,0.41521990345578585,0.06040704710504645,11.439191264553049,-14.879316073729393,3.472116933138302,3,-124.56597103673576,0.0,0.0,7358.300000000029,7259.27209013583,14617.572090135858,561.2115112494444,-12234.175668222044,12795.387179471489,2944.607933163259
587,0.029863654863654863,98.03333842985657,-0.0018455264285455377,0.21204634006085937,0.08918396418396418,1.7957517492822035,1.77,1.81,1.79,0.040000000000000036,0.404264951274589,0.06014772796453074,11.341650628193491,-14.745569110050834,3.3743369140829205,9,-363.8384561471301,0.0,0.0,6296.180000000029,30714.779765890446,37010.959765890475,1616.1765743539831,-35668.29850526813,37284.47507962211,2958.8378349763225
588,0.029914529914529912,97.90467241336917,-0.0013133340940607782,0.2118312232173028,0.08913308913308912,1.7434888670864694,1.72,1.76,1.74,0.040000000000000036,0.3964980925329521,0.0599391509244819,11.266241671201545,-14.645287418781766,3.304656252290707,5,-198.24904626647606,0.0,0.0,7000.1000000000295,14501.992237555422,21502.09223755545,871.7444335432347,-19409.507930982207,20281.25236452544,2964.328740116478
589,0.029965404965404965,97.9409299645476,0.000370266691234124,0.21038051817133951,0.08908221408221408,1.7571576453797064,1.73,1.77,1.75,0.040000000000000036,0.3986310152883973,0.06002018603104445,11.283386570795363,-14.67859081968516,3.3214423518462897,-4,159.45240611535894,2.842170943040401e-14,2.842170943040401e-14,8592.92000000003,-20533.37233903564,-11940.45233903561,-702.8630581518826,15616.916940022973,16319.779998174856,2973.6015428354804
590,0.030016280016280015,98.18893101221414,0.002528948713952496,0.21840455542177756,0.08903133903133903,1.8571119379403385,1.84,1.8800000000000001,1.86,0.040000000000000036,0.4135297100757107,0.06043502718083224,11.412462711192413,-14.875264493656138,3.4496909042187087,-9,372.1767390681396,0.0,0.0,9532.820000000029,-41421.59155069814,-31888.77155069811,-1671.4007441463045,36543.63615671238,38215.036900858686,2983.4638618679674
591,0.030067155067155064,98.00085061090907,-0.0019173318545628146,0.22069882018963788,0.08898046398046397,1.7796528549627055,1.77,1.81,1.79,0.040000000000000036,0.40214935249111544,0.060155818928236154,11.309793637111413,-14.734092158698875,3.34845282648432,-9,372.1767390681396,10.242321826135708,10.242321826135708,9532.820000000029,-41421.59155069814,-31888.77155069811,-1601.687569466435,36473.63700627204,38075.32457573847,2983.1778861074927
592,0.030118030118030117,98.03923412571937,0.0003915884381739442,0.22058756781640176,0.08892958892958892,1.7943818518589083,1.78,1.82,1.8,0.040000000000000036,0.4044195105308763,0.06023588612448726,11.3272396531519,-14.768135702221336,3.3663937704110305,-19,768.3970700086651,0.0,0.0,11352.620000000028,-80268.67159803584,-68916.05159803582,-3409.325518531926,75333.0602480963,78742.38576662823,3007.6831315285526
593,0.030168905168905167,98.31990625231815,0.002858764987550131,0.21802305255050897,0.08887871387871388,1.9095073964112146,1.9100000000000001,1.95,1.9300000000000002,0.039999999999999813,0.4213501910824489,0.06065911664517166,11.46566993437057,-14.980742979520699,3.5122738093304586,-23,969.1054394896324,0.0,0.0,12132.540000000028,-100003.28635086375,-87870.74635086373,-4391.867011745793,95282.35595923224,99674.22297097804,3019.7425966227165
594,0.03021978021978022,98.0654775835356,-0.0025911175889315936,0.22441254734767765,0.08882783882783882,1.803510845922908,1.8,1.84,1.82,0.040000000000000036,0.4059214602741254,0.060310303391051055,11.33432301410035,-14.795932167291022,3.3757573156362093,-18,730.6586284934257,0.0,0.0,11232.440000000028,-76621.05512226962,-65388.61512226959,-3246.3195226612343,71652.3873537389,74898.70687640013,3017.4527088080795
595,0.03027065527065527,97.86861921368526,-0.002009435206104633,0.2277125931612758,0.08877696377696377,1.7240235647801256,1.72,1.76,1.74,0.040000000000000036,0.3940392138135998,0.05997957183882307,11.220526921062623,-14.63970901998633,3.270547802786387,-12,472.8470565763198,0.0,0.0,10200.320000000029,-51390.654144560795,-41190.334144560766,-2068.828277736151,46276.888526379735,48345.71680411589,3017.726104082816
596,0.03032153032153032,97.80366435572309,-0.0006639147779463158,0.22699621164874337,0.08872608872608873,1.6978131775997127,1.69,1.73,1.71,0.040000000000000036,0.39010347456810385,0.05986839987925881,11.178458577685477,-14.587839491944946,3.234574876942281,-7,273.0724321976727,0.0,0.0,9355.220000000028,-31852.94076955641,-22497.720769556385,-1188.469224319799,26707.484503462132,27895.953727781933,3021.294509585947
597,0.030372405372405372,97.72387958921895,-0.0008160975105867868,0.22530681276374823,0.08867521367521367,1.6661405454449039,1.6500000000000001,1.69,1.67,0.039999999999999813,0.38528826480029243,0.0597198586064614,11.126154724469837,-14.521508329640213,3.1910417162779403,-13,500.8747442403802,0.0,0.0,10369.100000000028,-54115.779568049256,-43746.67956804923,-2165.982709078375,48947.42319542776,51113.40590450613,3034.760918300155
598,0.03042328042328042,97.84864784323085,0.001275928399318016,0.22462335266938355,0.08862433862433862,1.7139334099387682,1.7,1.74,1.72,0.040000000000000036,0.39271214445174385,0.059987427549142734,11.198132027948635,-14.633302996895875,3.2536138457549666,-15,589.0682166776157,0.0,0.0,10717.060000000027,-62745.82307523333,-52028.763075233306,-2570.9001149081523,57639.528489328026,60210.42860423618,3039.8652991865674
599,0.03047415547415547,97.88583871373811,0.0003800134724239344,0.22329135195566985,0.08857346357346357,1.7278340620502775,1.72,1.76,1.74,0.040000000000000036,0.3949017730928685,0.06007389774179289,11.216357730850785,-14.668221764085692,3.2707927857571653,-15,589.0682166776157,-3.2844429616869775,-3.2844429616869775,10717.060000000027,-62745.82307523333,-52028.763075233306,-2591.751093075416,57661.43644909443,60253.18754216984,3040.9222807857077
600,0.030525030525030524,97.61365997369124,-0.002784446177382483,0.23092893802021094,0.08852258852258851,1.6218345673429369,1.61,1.6500000000000001,1.6300000000000001,0.040000000000000036,0.37857866951252905,0.05952334428887053,11.045498039822574,-14.432016690864096,3.127734534800426,-18,681.4416051225523,0.0,0.0,11212.000000000027,-71763.17845074159,-60551.17845074156,-2919.3022212172864,66518.0091343592,69437.31135557649,3047.5284624003616
601,0.030575905575905574,97.69271802725177,0.0008095798886629824,0.23149576210265788,0.08847171347171347,1.6512124864752877,1.6500000000000001,1.69,1.67,0.039999999999999813,0.3832457558971497,0.05971354517357027,11.092370338150426,-14.50731719066201,3.1663236269482895,-13,498.2194826662946,0.0,0.0,10386.900000000027,-53864.60627862508,-43477.706278625046,-2146.576232417874,48672.41543580157,50818.991668219445,3048.1329247586546
602,0.030626780626780627,97.60430086838136,-0.0009054635386782467,0.23189040758588222,0.08842083842083842,1.6168260957491043,1.61,1.6500000000000001,1.6300000000000001,0.040000000000000036,0.3779276189700277,0.059531677405021334,11.032230805189217,-14.430064414273653,3.118650270298369,-13,498.2194826662946,6.913578005258614,6.913578005258614,10386.900000000027,-53864.60627862508,-43477.706278625046,-2101.8739244738354,48628.36428465033,50730.23820912416,3048.784081551443
603,0.030677655677655676,97.7997685457448,0.0020006517074887204,0.23616895177571232,0.08836996336996336,1.6910956430073156,1.68,1.72,1.7,0.040000000000000036,0.3895619854232597,0.05996761716086099,11.15115370469789,-14.608745879729893,3.2173715378032965,-18,701.2115737618675,0.0,0.0,11246.800000000027,-73718.17843336513,-62471.378433365106,-3043.972157413168,68578.32961550809,71622.30177292126,3062.979024729815
604,0.030728530728530726,97.7035809737845,-0.0009839993018827746,0.23401151713530888,0.08831908831908832,1.6531627390536912,1.6500000000000001,1.69,1.67,0.039999999999999813,0.3837577503996332,0.05978222211517581,11.088435511149228,-14.527294457431001,3.1654747998417716,-15,575.6366255994499,0.0,0.0,10751.740000000027,-61449.669773405374,-50697.92977340535,-2479.7441085805367,56241.75966073192,58721.50376931246,3064.0857787460336
605,0.03077940577940578,97.60610528285963,-0.000998165537883,0.23241097198265545,0.08826821326821327,1.6153047190979777,1.61,1.6500000000000001,1.6300000000000001,0.040000000000000036,0.3778937625071061,0.05958037169293938,11.022603670588637,-14.44177642654276,3.1131698912590506,-15,575.6366255994499,8.79598183879068,8.79598183879068,10751.740000000027,-61449.669773405374,-50697.92977340535,-2422.9570786469667,56185.64908292996,58608.60616157693,3064.762230877648
606,0.03083028083028083,97.68910000933147,0.0008499413116053058,0.2337931826402054,0.08821733821733821,1.6461346486515538,1.6400000000000001,1.68,1.6600000000000001,0.039999999999999813,0.3828004667769319,0.0597810334917763,11.072157792797526,-14.521085561109635,3.153707950979349,-15,575.6366255994499,1.4359254340520238,1.4359254340520238,10751.740000000027,-61449.669773405374,-50697.92977340535,-2469.2019729773306,56233.423887218756,58702.62586019609,3066.292140836078
607,0.03088115588115588,97.8061996532503,0.0011979792672824495,0.23531625967030972,0.08816646316646316,1.690626763086101,1.68,1.72,1.7,0.040000000000000036,0.38977120394124964,0.06004201141526708,11.140741605567282,-14.62826235391309,3.2120288701618636,-9,350.79408354712467,0.0,0.0,9743.620000000026,-39459.77476461926,-29716.154764619234,-1521.564086777491,34309.83617258904,35831.400259366535,3072.117321192316
608,0.03093203093203093,97.87507517198742,0.0007039561822450289,0.23497688711604942,0.08811558811558812,1.7168676699333574,1.7,1.74,1.72,0.040000000000000036,0.39386819728230377,0.060193078368365176,11.178053828900504,-14.690898610628793,3.2455624921488644,-13,512.0286564669949,0.0,0.0,10439.540000000026,-55241.40975177209,-44801.86975177206,-2231.927970913365,50114.84324191885,52346.77121283221,3081.0455192334266
609,0.03098290598290598,97.61661419086482,-0.002644216053980787,0.24096624734185101,0.08806471306471306,1.616337009007637,1.61,1.6500000000000001,1.6300000000000001,0.040000000000000036,0.37833177420219777,0.05966408591956696,11.015014597047665,-14.46495306519213,3.1100167752721664,-7,264.8322419415384,0.0,0.0,9473.420000000026,-31112.139249526816,-21638.71924952679,-1131.435906305346,25852.026786908926,26983.46269321427,3081.8716310767923
610,0.031033781033781033,97.69914302971914,0.00084508126676876,0.2377432061023811,0.08801383801383801,1.64702385830536,1.6300000000000001,1.67,1.65,0.039999999999999813,0.3832175422564125,0.05986341667153747,11.064114191552001,-14.543828321534095,3.150279446092556,-7,264.8322419415384,-3.4200376379503723,-3.4200376379503723,9473.420000000026,-31112.139249526816,-21638.71924952679,-1152.916700813752,25873.883084327546,27026.7997851413,3082.2471339870062
611,0.031084656084656083,97.54078196535248,-0.0016222204459389621,0.23987754814357543,0.08796296296296297,1.5863537357763846,1.57,1.61,1.59,0.040000000000000036,0.37371741534843006,0.0595159314629722,10.95792267385603,-14.400497373870715,3.0669461510936027,-7,264.8322419415384,3.2300511976373514,3.2300511976373514,9473.420000000026,-31112.139249526816,-21638.71924952679,-1110.4476150434693,25831.943968615076,26942.391583658544,3082.777104044817
612,0.031135531135531132,97.57687837971932,0.0003699963879721669,0.2398209330637424,0.0879120879120879,1.59914794036289,1.58,1.62,1.6,0.040000000000000036,0.3758194691558796,0.05961656123950868,10.978222735490766,-14.437944051666642,3.083265291797015,-3,112.74584074676386,-1.4210854715202004e-14,-1.4210854715202004e-14,8841.340000000026,-16272.76498274873,-7431.424982748704,-479.74438210886706,11001.38719036618,11481.131572475048,3090.217825508609
613,0.031186406186406185,97.35920272113192,-0.002233303838182645,0.2426016183442911,0.08786121286121286,1.5180255571306915,1.5,1.54,1.52,0.040000000000000036,0.362849525328188,0.059085580989840215,10.82568541678166,-14.22965662690071,2.970474699605415,-8,290.2796202625504,0.0,0.0,9611.240000000025,-33558.17643983642,-23946.93643983639,-1214.4204457045532,28261.392394954837,29475.81284065939,3100.035509413894
614,0.031237281237281235,97.42749175788578,0.0007011673947677046,0.24324485109925745,0.08781033781033781,1.5422146421130378,1.53,1.57,1.55,0.040000000000000036,0.3668404709134149,0.05927838684884553,10.86995507480828,-14.300754108943115,3.0029495509980313,-17,623.6288005528053,0.0,0.0,11024.060000000025,-66037.17482378897,-55013.11482378894,-2621.7648915921645,60758.58982583863,63380.3547174308,3123.7101104575195
615,0.03128815628815629,97.30433344871858,-0.001264901876798709,0.2398883215857649,0.08775946275946275,1.496762590828581,1.49,1.53,1.51,0.040000000000000036,0.3595078641813254,0.058965933460140285,10.779092003373755,-14.180493320791253,2.938617756283875,-21,754.9665147807833,0.0,0.0,11635.980000000025,-78817.54254985764,-67181.56254985761,-3143.20144074002,73461.51349684627,76604.71493758628,3136.7495062486414
616,0.03133903133903134,97.10876446741415,-0.0020118916818653776,0.23708146553297493,0.08770858770858769,1.426867054585287,1.42,1.46,1.44,0.040000000000000036,0.34797540813167405,0.05841783818461647,10.629850029044523,-13.978751607162625,2.8386529099243383,-27,939.5336019555199,0.0,0.0,12511.860000000024,-96741.52050083567,-84229.66050083564,-3852.541047380275,91236.94726151982,95089.4883089001,3154.745713303899
617,0.03138990638990639,97.21767686274775,0.0011209221554389468,0.23362658188466046,0.08765771265771266,1.4643958838520135,1.46,1.5,1.48,0.040000000000000036,0.3543022063506448,0.058751242870123906,10.708295592131359,-14.097237741399253,2.8909550034294265,-32,1133.7670603220633,0.0,0.0,13261.760000000024,-115625.39023852783,-102363.63023852781,-4686.066828326443,110222.1997080178,114908.26653634424,3172.502641163548
618,0.03144078144078144,97.25462559081501,0.00037998962367142945,0.23419005945206442,0.0876068376068376,1.476807794591835,1.48,1.52,1.5,0.040000000000000036,0.3564222374716536,0.05887013129540371,10.731890217305,-14.138804127475224,2.9073996623528418,-35,1247.4778311507876,0.0,0.0,13717.700000000024,-126684.8416260405,-112967.14162604048,-5168.8272810714225,121322.98940141179,126491.81668248322,3187.0204942998826
619,0.03149165649165649,97.16104930023752,-0.0009626414933488981,0.23368035540431073,0.08755596255596254,1.442998087566238,1.45,1.49,1.47,0.040000000000000036,0.35087186824759464,0.058614436092771616,10.658531954627303,-14.043694591631544,2.858534140163078,-41,1438.574659815138,0.0,0.0,14611.580000000024,-145252.93837543603,-130641.35837543602,-5916.292159021576,139773.42344437103,145689.7156033926,3215.772909913445
620,0.03154253154253154,97.3826322152839,0.002277976947281565,0.22738077752304667,0.08750508750508751,1.521463268747361,1.53,1.57,1.55,0.040000000000000036,0.3638787299028041,0.05924820182587857,10.816684856111491,-14.27560762169081,2.9676479976042076,-41,1491.902792601497,0.0,0.0,14611.580000000024,-150446.43197899495,-135834.85197899494,-6237.99940186418,145285.42095286655,151523.42035473074,3212.569572007429
621,0.03159340659340659,97.31539686774164,-0.0006906628745202568,0.22466608239925948,0.08745421245421245,1.496408645662214,1.51,1.55,1.53,0.040000000000000036,0.35984925271132506,0.05908141053692168,10.765083072637617,-14.210782044991909,2.931680705654588,-36,1295.4573097607704,0.0,0.0,13856.480000000023,-131330.2177119808,-117473.73771198078,-5387.0711243839705,126067.94222458628,131455.01334897024,3207.133388221526
622,0.031644281644281645,97.32037826070818,5.118681767908954e-05,0.2246313517396482,0.08740333740333739,1.4974786153804374,1.5,1.54,1.52,0.040000000000000036,0.36009167194312874,0.05910930916078237,10.765003043204889,-14.219049074505573,2.932100453054257,-36,1295.4573097607704,-0.8727092344931862,-0.8727092344931862,13856.480000000023,-131330.2177119808,-117473.73771198078,-5390.923015369574,126074.39540651758,131465.31842188715,3209.7346791672317
623,0.03169515669515669,97.36153204069144,0.00042277970801207857,0.22225440960757603,0.08735246235246236,1.5116222330994944,1.52,1.56,1.54,0.040000000000000036,0.3624751739754377,0.059235197453449705,10.790770880069168,-14.26404295083553,2.9507239024579115,-42,1522.3957306968384,0.0,0.0,14792.360000000022,-153426.3948068288,-138634.03480682877,-6348.813379017876,148222.7807128521,154571.59409186998,3239.9325270054687
624,0.031746031746031744,97.26698454952835,-0.0009715688148565344,0.2211972938344365,0.0873015873015873,1.4768946495395028,1.49,1.53,1.51,0.040000000000000036,0.3568340660758222,0.05898940444320735,10.718888091464525,-14.170424574089362,2.9011433997161236,-45,1605.7532973411999,0.0,0.0,15251.300000000023,-161534.73935066952,-146283.4393506695,-6646.025922927763,156186.7811628407,162832.80708576847,3257.315889243415
625,0.0317969067969068,97.33899902235922,0.0007401054664022248,0.20889061558145636,0.08725071225071224,1.5020202359855332,1.51,1.56,1.5350000000000001,0.050000000000000044,0.36103760293166554,0.05920304759067344,10.767366032222176,-14.247612291357465,2.9352028374250776,-45,1624.669213192495,0.0,0.0,15251.300000000023,-163376.0877280415,-148124.78772804147,-6759.091061934899,158143.6749546014,164902.76601653628,3259.7961646250333
626,0.03184778184778184,97.25763005713195,-0.0008362834480164735,0.20606176936894954,0.0871998371998372,1.4721180556202,1.48,1.52,1.5,0.040000000000000036,0.35617647302745237,0.05899120667305491,10.704663010249673,-14.166989102482026,2.8923106110418284,-41,1460.3235394125547,0.0,0.0,14659.220000000023,-147393.01617959907,-132733.79617959904,-6035.6840280428205,142027.60655990778,148063.2905879506,3258.1263522659137
627,0.031898656898656896,97.19490606045078,-0.0006451342842735617,0.20474233780962214,0.08714896214896214,1.449175697137207,1.46,1.5,1.48,0.040000000000000036,0.3524280536878366,0.05882457567132806,10.654442062935496,-14.10420839453821,2.8589248296889918,-41,1444.95502012013,0.0,0.0,14659.220000000023,-145899.34907777308,-131240.12907777305,-5941.6203582625485,140442.2674421528,146383.88780041537,3260.5180061171995
628,0.03194953194953195,97.40303304499507,0.0021390469483747233,0.21098612836070493,0.08709808709808708,1.5230752709981772,1.53,1.57,1.55,0.040000000000000036,0.364681353570062,0.05941807725356134,10.801768193376045,-14.321987414839883,2.9611603002033133,-41,1495.1935496372541,0.0,0.0,14659.220000000023,-150792.978897719,-136133.75889771897,-6244.608611092526,145636.38672398095,151880.99533507347,3258.01921516945
629,0.032000407000407,97.24419395397116,-0.0016320718124846019,0.20432145191456963,0.08704721204721204,1.4651769387622622,1.47,1.51,1.49,0.040000000000000036,0.35522439912281556,0.05899525247982881,10.683707090863534,-14.162375624455782,2.8793767039640503,-35,1243.2853969298544,0.0,0.0,13777.100000000022,-126297.59846751706,-112520.49846751704,-5128.119285667917,120902.28627918678,126030.4055648547,3253.6685260018276
630,0.03205128205128205,96.87679099444907,-0.0037853032562620106,0.21617582105049105,0.08699633699633699,1.3379234049268582,1.34,1.3800000000000001,1.36,0.040000000000000036,0.3336955300803004,0.05786510985398284,10.39393313793372,-13.762096453617291,2.695966784113744,-30,1001.0865902409013,0.0,0.0,13107.000000000022,-102835.3284649651,-89728.32846496507,-4013.770214780575,96982.05637011347,100995.82658489404,3239.9576903678244
631,0.0321021571021571,97.12207017996862,0.0025286675883647402,0.2248411205848759,0.08694546194546193,1.4208065407301405,1.42,1.46,1.44,0.040000000000000036,0.3479313616664236,0.05866287583455725,10.584462571837824,-14.03846848073434,2.8145122081046865,-26,904.6215403327013,0.0,0.0,12538.920000000022,-93466.91156213409,-80927.99156213406,-3694.0970058983653,87858.71672650393,91552.8137324023,3236.6281584715034
632,0.032153032153032154,97.51145152422032,0.004001179861758771,0.23425369111984531,0.08689458689458689,1.5600255852244374,1.56,1.6,1.58,0.040000000000000036,0.3709407447225975,0.059755695113451635,10.861903721541678,-14.442320624742184,3.0075037558279636,-26,964.4459362787536,0.0,0.0,12538.920000000022,-99300.7669255776,-86761.84692557757,-4056.066521583537,94044.52316317696,98100.58968476049,3226.6097160158533
633,0.0322039072039072,97.44953776163797,-0.0006351400338140248,0.22800934979593795,0.08684371184371184,1.5364419371081581,1.54,1.58,1.56,0.040000000000000036,0.367195417228944,0.059612980318388534,10.8158700338147,-14.384780230180375,2.974100276264524,-26,964.4459362787536,9.737851483499298,9.737851483499298,12538.920000000022,-99300.7669255776,-86761.84692557757,-3994.749036481211,93984.81068645469,97979.5597229359,3228.2147243959043
634,0.032254782254782254,97.153890612806,-0.0030384601007143568,0.23342902667750567,0.08679283679283678,1.4297590186164726,1.43,1.47,1.45,0.040000000000000036,0.349635455522955,0.058800369063936216,10.597587477235864,-14.082004512690006,2.8241248444974816,-21,734.2344565982055,0.0,0.0,11823.820000000022,-76935.94430792716,-65112.12430792714,-3002.4939390945924,71333.73408049511,74336.2280195897,3219.1158334733773
635,0.03230565730565731,97.10664605778808,-0.0004864040505512373,0.2332757684498375,0.08674196174196173,1.4125923195205843,1.41,1.45,1.43,0.040000000000000036,0.34680539332015253,0.058670749416797695,10.557752213914172,-14.033882423062446,2.798687435095657,-21,734.2344565982055,5.943130625885146,5.943130625885146,11823.820000000022,-76935.94430792716,-65112.12430792714,-2966.443870993227,71299.04550031431,74265.48937130754,3220.477321393948
636,0.03235653235653235,97.06311961167918,-0.000448333927662551,0.23290562407922671,0.08669108669108669,1.3968410242680633,1.3900000000000001,1.43,1.4100000000000001,0.039999999999999813,0.3441985143421726,0.05854946882126989,10.520310987309143,-13.989183893217389,2.775167251022813,-21,734.2344565982055,11.417576479643117,11.417576479643117,11823.820000000022,-76935.94430792716,-65112.12430792714,-2933.366150962933,71267.08688380789,74200.45303477082,3221.5964249178214
637,0.032407407407407406,97.03427455783316,-0.0002972224761888222,0.23050528369797826,0.08664021164021163,1.3862267921298717,1.3800000000000001,1.42,1.4,0.039999999999999813,0.3424544506295187,0.058472098663278474,10.49400323444219,-13.960250610871746,2.758935584384051,-15,513.681675944278,0.0,0.0,10995.70000000002,-55535.835294414035,-44540.135294414016,-2079.3401881948075,49844.72877890495,51924.06896709976,3225.253296296127
638,0.03245828245828246,96.86497032584687,-0.0017463118550438363,0.23260281733013313,0.08658933658933658,1.328382673032916,1.32,1.36,1.34,0.040000000000000036,0.33254264224540764,0.057928723710117834,10.354152396527486,-13.771212336487004,2.6741688314637027,-11,365.7969064699484,0.0,0.0,10467.62000000002,-41211.69773032873,-30744.077730328707,-1461.2209403362076,35432.906490498135,36894.12743083434,3227.6078198332216
639,0.032509157509157505,96.95318127200512,0.0009102444897100348,0.22664658618210004,0.08653846153846154,1.3572365138470701,1.34,1.3800000000000001,1.36,0.040000000000000036,0.3376079910839863,0.05823688160143067,10.42207251637775,-13.875110821265416,2.7151383673208205,-8,270.08639286718903,0.0,0.0,10065.560000000021,-31932.722927302435,-21867.162927302415,-1085.789211077656,26185.73500675457,27271.524217832226,3232.7828683744992
640,0.03256003256003256,97.03308952307798,0.0008238547528649713,0.2266788569623346,0.08648758648758648,1.3836898449154127,1.37,1.41,1.3900000000000001,0.039999999999999813,0.3422153303624072,0.05850891586504879,10.481856956243659,-13.967892675617836,2.752253032251046,-11,376.4368633986479,0.0,0.0,10488.500000000022,-42252.75363093935,-31764.253630939325,-1522.058829406954,36526.83186594768,38048.89069535463,3240.5194056014006
641,0.03261090761090761,96.80589093427373,-0.002344200246115645,0.2313346167683153,0.08643671143671143,1.3067452540539044,1.29,1.33,1.31,0.040000000000000036,0.328947304295218,0.057763808945191265,10.293908690159084,-13.710850372205446,2.639543062837519,-15,493.42095644282705,0.0,0.0,11020.420000000022,-53578.069220686695,-42557.649220686675,-1960.1178810808567,47766.05529408935,49726.1731751702,3248.2881923218156
642,0.032661782661782664,96.91223978272764,0.0010979752772170969,0.22773099986772122,0.08638583638583638,1.3413518793635184,1.33,1.37,1.35,0.040000000000000036,0.335051532951081,0.058140566163329306,10.377715045427935,-13.837119812750716,2.6891256599212685,-15,493.42095644282705,-9.156342983794445,-9.156342983794445,11020.420000000022,-53578.069220686695,-42557.649220686675,-2012.0278190452775,47818.53004461007,49830.55786365535,3248.8530048781104
643,0.03271265771265771,97.22498034718308,0.0032218534372293246,0.23981742046226745,0.08633496133496132,1.448274271841754,1.44,1.48,1.46,0.040000000000000036,0.3533374616522055,0.05913758531640854,10.617657094076847,-14.186132931107245,2.840847887565632,-19,671.3411771391904,0.0,0.0,11612.340000000022,-70877.22409575514,-59264.884095755115,-2751.7211164993328,65271.13275361255,68022.85387011188,3254.5275413580966
644,0.03276353276353276,97.25129707108651,0.0002706419971982088,0.23912096701808166,0.08628408628408628,1.4568702227356312,1.45,1.49,1.47,0.040000000000000036,0.3548409946914659,0.05922855708764529,10.633478139446726,-14.217217425622088,2.8518509866425883,-14,496.7773925680523,0.0,0.0,10887.240000000022,-53901.518452297794,-43014.278452297774,-2039.6183118298836,48312.245782835416,50351.8640946653,3258.349018707755
645,0.032814407814407816,97.19991111113632,-0.000528522930011766,0.23830923679289862,0.08623321123321123,1.4379939108547717,1.43,1.47,1.45,0.040000000000000036,0.35174678145906313,0.059091855474540406,10.591478827488613,-14.165638107837719,2.8242896091324585,-16,562.794850334501,0.0,0.0,11181.20000000002,-60318.73032353114,-49137.53032353112,-2300.7902573676347,54703.60942631876,57004.399683686395,3265.2888454200074
646,0.03286528286528286,97.17833260107234,-0.00022202598130808467,0.23634423321846879,0.08618233618233617,1.4296979159682124,1.42,1.46,1.44,0.040000000000000036,0.35041745998360047,0.05904142665757129,10.57150142452216,-14.14554573121729,2.8115510496470577,-12,420.50095198032056,0.0,0.0,10613.12000000002,-46491.537936354485,-35878.41793635447,-1715.637499161855,40863.581370611144,42579.218869773,3269.525935094818
647,0.032916157916157915,97.27227728865184,0.0009662576521831298,0.23691582255445998,0.08613146113146113,1.4621538899664586,1.45,1.49,1.47,0.040000000000000036,0.3559235570701266,0.059332144067995585,10.637821654468484,-14.24893547328669,2.856062494527842,-8,284.73884565610126,0.0,0.0,10033.04000000002,-33286.30897915617,-23253.26897915615,-1169.7231119731669,27697.19594951092,28866.919061484085,3274.203858381603
648,0.03296703296703297,97.00854646755604,-0.00271494610731042,0.23730469905031404,0.08608058608058608,1.369629829990572,1.35,1.3900000000000001,1.37,0.040000000000000036,0.34032288223835133,0.05853829622331038,10.432489800072835,-13.964282123396588,2.723985568430867,-8,284.73884565610126,12.480539865420212,12.480539865420212,10033.04000000002,-33286.30897915617,-23253.26897915615,-1095.7038639924576,27622.10153994817,28717.805403940627,3273.128696799562
649,0.033017908017908014,97.03365201786175,0.00025876382190855783,0.23638316837187054,0.08602971102971102,1.3774803341987578,1.36,1.4000000000000001,1.3800000000000001,0.040000000000000036,0.3417365056111561,0.05863293971098317,10.448587121295631,-13.995505591694345,2.7342359212824836,-5,170.86825280557804,0.0,0.0,9624.980000000021,-22237.581961404972,-12612.601961404951,-688.7401670993789,16579.97058363649,17268.710750735867,3278.6284551321587
650,0.03306878306878307,96.97429454127781,-0.0006119077026356624,0.2342628647732961,0.08597883597883597,1.3565902089973285,1.34,1.3800000000000001,1.36,0.040000000000000036,0.33820403316894765,0.05845322662126317,10.397669025977898,-13.93142793406879,2.703218221835263,0,0.0,0.0,0.0,8954.880000000021,-5668.582177497094,3286.2978225029274,0.0,0.0,0.0,3286.2978225029274
651,0.03311965811965812,97.25596605146121,0.0029003895354055543,0.2438558344233544,0.08592796092796093,1.453458774141943,1.43,1.47,1.45,0.040000000000000036,0.3547403825873866,0.05934234208309519,10.610952584243153,-14.24447027748217,2.8396750588120847,0,0.0,0.0,0.0,8954.880000000021,-5668.582177497094,3286.2978225029274,0.0,0.0,0.0,3286.2978225029274
652,0.033170533170533166,97.22946682596393,-0.0002725060203136945,0.23883991111289937,0.08587708587708587,1.4433559228241322,1.42,1.46,1.44,0.040000000000000036,0.35311445729798374,0.05927889444833846,10.587559976882133,-14.219406081965234,2.824477988252531,-2,70.62289145959674,0.0,0.0,9246.84000000002,-12535.551591125723,-3288.7115911257024,-288.67118456482643,6866.626082324513,7155.297266889339,3289.243306633984
653,0.03322140822140822,97.48435036150704,0.002618033838664878,0.24567181383500672,0.08582621082621082,1.5345555332053138,1.52,1.56,1.54,0.040000000000000036,0.36826505445368685,0.06000141191236525,10.766483861057381,-14.486279506131536,2.9494627132175304,-2,70.62289145959674,-3.030119431140619,-3.030119431140619,9246.84000000002,-12535.551591125723,-3288.7115911257024,-306.91110664106276,6884.626694590012,7191.537801231075,3289.0039968232472
654,0.03327228327228327,97.31573404589352,-0.0017311733538289712,0.2471468819877484,0.08577533577533578,1.472582572469058,1.45,1.49,1.47,0.040000000000000036,0.3581326394690463,0.05955772675736186,10.643619640888234,-14.31717710477998,2.8631256509873384,-2,70.62289145959674,-1.0036364342125097,-1.0036364342125097,9246.84000000002,-12535.551591125723,-3288.7115911257024,-294.5165144938116,6872.718522834121,7167.235037327933,3289.4904172146075
655,0.033323158323158325,97.40553210176988,0.0009223241407442206,0.24352529178151958,0.08572446072446072,1.5042494563202595,1.49,1.53,1.51,0.040000000000000036,0.3634401044014875,0.05982192655485511,10.704221422301782,-14.413390190181016,2.9057872405652008,-7,254.40807308104127,2.842170943040401e-14,2.842170943040401e-14,10011.74000000002,-30438.140084053353,-20426.400084053334,-1052.9746194241816,24780.753729444783,25833.728348868965,3301.379025967268
656,0.03337403337403337,97.45444225028487,0.0005020030378712617,0.24254899225666546,0.08567358567358567,1.5213610783001599,1.51,1.55,1.53,0.040000000000000036,0.3663179310430678,0.05996806990090276,10.73477574364446,-14.466399067682868,2.9281474056258685,-13,476.2133103559882,0.0,0.0,10941.62000000002,-52055.12656615974,-41113.50656615972,-1977.769401790208,46409.10255290464,48386.87195469485,3317.8265849547097
657,0.033424908424908424,97.32171253758155,-0.001362895097638215,0.244516464994369,0.08562271062271062,1.4725378678136778,1.46,1.5,1.48,0.040000000000000036,0.3583289781998984,0.05961850488307236,10.636830012259697,-14.333211125187184,2.859854355877602,-6,214.99738691993906,2.842170943040401e-14,2.842170943040401e-14,9919.480000000021,-26634.4166543282,-16714.93665432818,-883.5227206882066,20923.913886153503,21807.43660684171,3325.4545111371153
658,0.03347578347578348,97.34888580457077,0.0002791717639654996,0.2435284598668686,0.08557183557183556,1.481566127134485,1.47,1.51,1.49,0.040000000000000036,0.35989710973952904,0.05970989482295091,10.652751726014962,-14.364869671419028,2.8712787835935347,-10,359.89710973952907,0.0,0.0,10523.400000000021,-40740.94851553492,-30217.548515534894,-1481.5661271344852,35035.58263742849,36517.148764562975,3336.4679947591067
659,0.03352665852665852,97.53436338719239,0.0019034744072975996,0.24189547681791365,0.08552096052096052,1.548608486641811,1.54,1.58,1.56,0.040000000000000036,0.37096849957657263,0.06022098457193221,10.77850207681233,-14.55635134151698,2.9618959978874124,-17,630.6464492801734,0.0,0.0,11629.260000000022,-67149.63335335795,-55520.37335335792,-2632.6344272910787,61509.69995293503,64142.33438022611,3356.692172286028
660,0.033577533577533576,97.48489808026659,-0.0005072863840667931,0.24164389586118026,0.08547008547008547,1.5295939004107595,1.52,1.56,1.54,0.040000000000000036,0.3679417982468026,0.06010857885026706,10.741080292503689,-14.510553832475223,2.934972205226394,-15,551.9126973702039,0.0,0.0,11325.220000000021,-59474.66534052659,-48149.44534052657,-2294.3908506161392,53803.153052339345,56097.543902955484,3359.3168611966394
661,0.03362840862840863,97.22649630634267,-0.0026542044592416307,0.24912295409611007,0.08541921041921041,1.435791436249552,1.43,1.47,1.45,0.040000000000000036,0.35244628029132635,0.05939899255086862,10.551800798878187,-14.24488238635487,2.8044259040175286,-11,387.69090832045896,0.0,0.0,10753.140000000021,-43508.754509518905,-32755.614509518884,-1579.3705798745073,37693.82866582174,39273.19924569625,3358.8435764283495
662,0.033679283679283675,97.22389499187948,-2.675555904980286e-05,0.24890956296428912,0.08536833536833537,1.4341501660531009,1.42,1.46,1.44,0.040000000000000036,0.35223685005938343,0.05940557789161716,10.5461210157639,-14.245268937237512,2.8010792156096733,-6,211.34211003563007,0.0,0.0,10043.04000000002,-26364.294728982884,-16321.254728982864,-860.4900996318605,20547.503113466337,21407.993213098198,3365.758284851614
663,0.03373015873015873,97.08639443855118,-0.0014152680918984692,0.24996901892327797,0.08531746031746032,1.385560541370623,1.37,1.41,1.3900000000000001,0.039999999999999813,0.3440405485318164,0.058994606961017826,10.437335829281855,-14.097203274692015,2.7315319877351736,1,-34.404054853181634,7.105427357601002e-15,7.105427357601002e-15,9083.900000000021,-2506.8785632812796,6577.021436718742,138.5560541370623,-3340.1656397615434,3478.7216938986057,3375.411851094261
664,0.03378103378103378,97.03433187938947,-0.0005363936288260664,0.24953048872766226,0.08526658526658526,1.367014497047947,1.35,1.3900000000000001,1.37,0.040000000000000036,0.3409158153719175,0.0588404942872219,10.392707487085092,-14.041607243768073,2.7041038875645764,1,-34.404054853181634,-0.3124733159898838,-0.3124733159898838,9083.900000000021,-2506.8785632812796,6577.021436718742,136.7014497047947,-3338.3744766203467,3475.0759263251416,3375.34840980319
665,0.03383190883190883,97.02198768893763,-0.00012722276188631564,0.24892644180092408,0.08521571021571021,1.3620969180972438,1.34,1.3800000000000001,1.36,0.040000000000000036,0.3401318358159969,0.058813827971552594,10.379158191145235,-14.030614546376137,2.6960691153170746,6,-204.07910148959814,0.0,0.0,8413.800000000021,13954.508612082747,22368.30861208277,817.2581508583462,-19800.160072293245,20617.41822315159,3385.4066906478693
666,0.03388278388278388,96.76273431270634,-0.0026756859697300538,0.25547403369949745,0.08516483516483517,1.2751848924854698,1.25,1.29,1.27,0.040000000000000036,0.32493705323636096,0.05793006022689206,10.162562633952804,-13.729429285017446,2.5691346115481473,1,-32.49370532363611,-7.105427357601002e-15,-7.105427357601002e-15,9058.70000000002,-2649.3936426697546,6409.306357330266,127.51848924854698,-3144.1797750663723,3271.6982643149195,3392.6450715124406
667,0.03393365893365893,96.5178027162423,-0.0025344686158213247,0.2556965750663955,0.08511396011396011,1.1966429648800911,1.18,1.22,1.2,0.040000000000000036,0.3107958856860319,0.05701308342282566,9.945184869019075,-13.429020983068117,2.451341036514746,1,-32.49370532363611,-1.414116755032918,-1.414116755032918,9058.70000000002,-2649.3936426697546,6409.306357330266,119.66429648800911,-3136.221039946422,3255.8853364344313,3392.7496138718534
668,0.033984533984533986,96.59091923130148,0.000757257547104323,0.2545633113030801,0.08506308506308505,1.2188319780923322,1.2,1.24,1.22,0.040000000000000036,0.3149113466219521,0.057310861935454024,10.006296072526776,-13.52369565263204,2.4837352844583664,-4,125.96453864878083,0.0,0.0,9678.60000000002,-17955.786369115598,-8277.186369115578,-487.5327912369329,12167.030578632543,12654.563369869475,3402.3114182800327
669,0.03403540903540903,96.51180115759666,-0.0008194403266067827,0.24114690784494525,0.08501221001221002,1.1934128406058768,1.18,1.22,1.2,0.040000000000000036,0.31032459906846177,0.057013112836101096,9.93206566645764,-13.42654684402265,2.4446598366244245,-7,217.2272193479232,0.0,0.0,10044.54000000002,-26764.1524581451,-16719.61245814508,-835.3889884241138,20964.9901997244,21800.379188148516,3409.9887531552085
670,0.034086284086284085,96.12424075009983,-0.004023763430393234,0.24898529359227956,0.08496133496133496,1.0767282112130871,1.06,1.1,1.08,0.040000000000000036,0.2884694517655918,0.05539435416910725,9.566990811944802,-12.919489596719119,2.26440469212036,-10,288.46945176559177,0.0,0.0,10374.480000000021,-33612.600363910664,-23238.120363910642,-1076.7282112130872,27728.907030565053,28805.63524177814,3414.0584554413217
671,0.03413715913715914,96.24277460074238,0.0012323720407910843,0.23159880006698494,0.0849104599104599,1.110646537073528,1.1,1.1400000000000001,1.12,0.040000000000000036,0.29499863236401425,0.055922975296692774,9.67632425256758,-13.081123844607397,2.3164287004431765,-18,530.9975382552257,0.0,0.0,11286.320000000022,-56955.34340507997,-45669.02340507995,-1999.1637667323503,51104.67638784676,53103.84015457911,3436.4892160344607
672,0.034188034188034185,96.28399489971403,0.00042820330604870764,0.2321175944614966,0.08485958485958486,1.122185680550217,1.11,1.1500000000000001,1.1300000000000001,0.040000000000000036,0.29724006066978764,0.056110339344167204,9.711239866814072,-13.138227504750915,2.3334073247197025,-8,237.79204853583008,-2.842170943040401e-14,-2.842170943040401e-14,10176.12000000002,-28725.759078163366,-18549.639078163345,-897.7485444401736,22895.568388416414,23793.316932856585,3448.180765812893
673,0.03423890923890924,96.17627486728492,-0.0011194003189107557,0.22430987587447312,0.0848087098087098,1.0898304771917324,1.07,1.11,1.09,0.040000000000000036,0.2911522174887052,0.05565535561723569,9.605190947596684,-12.996526243130072,2.2823809219632287,-5,145.57610874435258,0.0,0.0,9855.060000000021,-19857.216954911855,-10002.156954911834,-544.9152385958662,14000.967848706614,14545.88308730248,3453.895655198914
674,0.03428978428978429,95.97782289712877,-0.0020655509616812006,0.22790946952226532,0.08475783475783474,1.0324934644633785,1.01,1.05,1.03,0.040000000000000036,0.2801245798440907,0.05477146626518018,9.408029937237263,-12.726948635860616,2.191265817681267,-5,145.57610874435258,5.513818822307201,5.513818822307201,9855.060000000021,-19857.216954911855,-10002.156954911834,-516.2467322316893,13972.077983118632,14488.324715350322,3453.674295975108
675,0.03434065934065934,96.10386149647717,0.0013123439419582032,0.230726226325059,0.08470695970695971,1.0675801771017923,1.05,1.09,1.07,0.040000000000000036,0.28699477111795657,0.055355022098093586,9.527533401782291,-12.902677886506565,2.2458970824069695,-3,86.09843133538698,0.0,0.0,9645.02000000002,-14141.468284792069,-4496.448284792048,-320.2740531305377,8274.39172011998,8594.665773250517,3457.669382197394
676,0.03439153439153439,96.1566370784917,0.0005490007956003292,0.2314265487121326,0.08465608465608465,1.0821435587605848,1.06,1.1,1.08,0.040000000000000036,0.2898534310327925,0.05560041875885642,9.574529777777279,-12.976688382299658,2.2678677346044664,-3,86.09843133538698,-0.8575979744507691,-0.8575979744507691,9645.02000000002,-14141.468284792069,-4496.448284792048,-324.64306762817546,8278.935614944243,8603.578682572419,3457.8442625240195
677,0.03444240944240944,96.5168933738347,0.0037395558624391976,0.24522919619111097,0.08460520960520959,1.1895223808432078,1.17,1.21,1.19,0.040000000000000036,0.31009675380133594,0.05712879606436943,9.905616901751948,-13.453651714445009,2.4315582031696503,-3,86.09843133538698,-6.930594805013811,-6.930594805013811,9645.02000000002,-14141.468284792069,-4496.448284792048,-356.8567142529623,8309.953116851973,8666.809831104936,3456.6481178069625
678,0.03449328449328449,96.58063089914214,0.0006601589312157392,0.2447641732865842,0.08455433455433456,1.2087147547531067,1.19,1.23,1.21,0.040000000000000036,0.31368182971815833,0.057392884045090964,9.958563154068765,-13.537216973307912,2.4594212974064775,4,-125.47273188726334,0.0,0.0,8811.880000000021,6291.186455495668,15103.06645549569,483.4859019012427,-12118.235606310802,12601.721508212044,3468.3167510861294
679,0.03454415954415954,96.63948411414152,0.0006091831258397321,0.24439279611163794,0.0845034595034595,1.2265829317280108,1.2,1.24,1.22,0.040000000000000036,0.31700277326758947,0.057633528482408596,10.006485830048094,-13.613829320555345,2.4851116685634036,10,-317.0027732675895,0.0,0.0,8091.760000000021,24799.625378630997,32891.38537863102,1226.5829317280109,-30634.98447133202,31861.56740306003,3482.983839027009
680,0.034595034595034595,96.61425121003927,-0.00026113755786749974,0.23893022999628488,0.08445258445258444,1.2179113040688705,1.19,1.23,1.21,0.040000000000000036,0.3154858286009893,0.0575484973209095,9.980493083860944,-13.584902681053084,2.4712950863536256,6,-189.29149716059356,0.0,0.0,8583.68000000002,12460.279130009401,21043.95913000942,730.7467824413222,-18288.256258598023,19019.003041039345,3486.44965385272
681,0.03464590964590965,96.73823645534966,0.0012824791012641804,0.23942448729953208,0.0844017094017094,1.2567714046164404,1.23,1.27,1.25,0.040000000000000036,0.32258800590957487,0.05803239500356227,10.084183724143294,-13.741623761923764,2.5278162902875807,6,-189.29149716059356,4.261306385151357,4.261306385151357,8583.68000000002,12460.279130009401,21043.95913000942,754.0628427698642,-18311.72561130865,19065.788454078516,3486.296361470635
682,0.034696784696784694,96.83324910646634,0.0009816803179577835,0.22864788142243445,0.08435083435083435,1.2869787632660774,1.26,1.3,1.28,0.040000000000000036,0.3280572220582121,0.05839325444979546,10.160702898392794,-13.859938359305298,2.571002291766421,12,-393.6686664698545,0.0,0.0,7827.56000000002,32249.79495214014,40077.35495214016,1544.374515919293,-38120.21604568583,39664.590561605124,3501.513422373617
683,0.03474765974765975,97.0237131500276,0.00196499628003438,0.2332007841677568,0.08429995929995929,1.3498084708094176,1.32,1.36,1.34,0.040000000000000036,0.33918409719713083,0.05906814285886008,10.312385627709167,-14.087444792010817,2.6604301779463473,12,-393.6686664698545,13.35225016670256,13.35225016670256,7827.56000000002,32249.79495214014,40077.35495214016,1619.770164971301,-38195.19577172505,39814.965936696346,3501.9293453864084
684,0.0347985347985348,96.94445290399314,-0.0008172500885927171,0.23359054876560878,0.08424908424908424,1.3223978344799576,1.29,1.33,1.31,0.040000000000000036,0.3344531503499547,0.0588124192493832,10.244784854928342,-13.998145214072881,2.6202290714611984,12,-393.6686664698545,7.675113950091202,7.675113950091202,7827.56000000002,32249.79495214014,40077.35495214016,1586.8774013759491,-38163.993496364594,39750.87089774054,3500.238857151511
685,0.034849409849409846,96.87831742173518,-0.000682432561597618,0.23397647576999261,0.0841982091982092,1.2996988217909333,1.27,1.31,1.29,0.040000000000000036,0.3305104389274759,0.05859425326918927,10.186705110654712,-13.922722031796075,2.5865350034831893,12,-393.6686664698545,2.943860243116603,2.943860243116603,7827.56000000002,32249.79495214014,40077.35495214016,1559.6385861491199,-38137.95802925776,39697.59661540688,3499.0355090315206
686,0.0349002849002849,96.80558918144726,-0.0007509993471486216,0.23318194632890543,0.08414733414733414,1.2751121768709694,1.25,1.29,1.27,0.040000000000000036,0.3261966972502405,0.05834564879577186,10.122140963508055,-13.838027026792385,2.5498789088726665,12,-393.6686664698545,-2.2326297695659036,-2.2326297695659036,7827.56000000002,32249.79495214014,40077.35495214016,1530.1346122451632,-38109.32719988892,39639.46181213408,3498.1623644964056
687,0.03495115995115995,96.92586935399746,0.001241720770742698,0.2272790952010103,0.08409645909645909,1.3140588502903228,1.29,1.33,1.31,0.040000000000000036,0.3331803445402833,0.05878866664035565,10.218176762130835,-13.9851924562109,2.6052860757728182,12,-393.6686664698545,6.147746978485486,6.147746978485486,7827.56000000002,32249.79495214014,40077.35495214016,1576.8706203483873,-38156.67773501951,39733.5483553679,3497.5478374690356
688,0.035002035002035,97.15411077216518,0.0023520357250660534,0.23339219428197236,0.08404558404558404,1.390917479423166,1.36,1.4000000000000001,1.3800000000000001,0.040000000000000036,0.3466295357189616,0.05956415925723254,10.395489850730376,-14.251469409044926,2.713459320530684,12,-415.9554428627539,0.0,0.0,7827.56000000002,34414.938631973244,42242.49863197326,1669.1009753077992,-40411.78117217302,42080.882147480814,3499.8184351080417
689,0.03505291005291005,97.08426232728804,-0.0007192033867806321,0.23355764070396307,0.08399470899470898,1.3661299620733232,1.34,1.3800000000000001,1.36,0.040000000000000036,0.3424188111840169,0.05935286684672773,10.337463323900058,-14.175554041433,2.6775285459964704,12,-415.9554428627539,-5.0528694419336375,-5.0528694419336375,7827.56000000002,34414.938631973244,42242.49863197326,1639.3559544879877,-40382.72733135087,42022.08328583886,3499.127255110383
690,0.035103785103785104,97.01965035744155,-0.0006657462112869428,0.22442285682313803,0.08394383394383394,1.3434118742892487,1.32,1.36,1.34,0.040000000000000036,0.3385317677736165,0.05915194746322537,10.282528914120476,-14.104242326463348,2.644299760149037,14,-473.9444748830631,0.0,0.0,7563.52000000002,40040.73293936957,47604.25293936959,1880.7766240049482,-45981.92724199602,47862.703866000964,3503.1023213785156
691,0.03515466015466015,97.06755594911724,0.000493650184987684,0.22471073842122108,0.08389295889295889,1.3589769285338704,1.33,1.37,1.35,0.040000000000000036,0.3413109016870398,0.05932610080122018,10.316732922801318,-14.162669914774591,2.665383173329275,9,-307.17981151833584,0.0,0.0,8248.42000000002,23852.48527596363,32100.90527596365,1223.0792356804834,-29817.19354099535,31040.272776675836,3506.7909706487844
692,0.0352055352055352,97.03020743599583,-0.0003848422870105617,0.21627250636106887,0.08384208384208383,1.3455524097984863,1.32,1.36,1.34,0.040000000000000036,0.33903848937270303,0.05921547579385888,10.283332715461427,-14.12266113536012,2.645337014172259,14,-474.65388512178424,0.0,0.0,7588.32000000002,40101.71687565237,47690.03687565239,1883.773373717881,-46055.76493366806,47939.53830738594,3518.0453157022057
693,0.035256410256410256,97.175352317776,0.0014947554435505502,0.21596493222634539,0.08379120879120878,1.394660558863606,1.37,1.41,1.3900000000000001,0.039999999999999813,0.3476110905660583,0.05970381552666897,10.392869427841152,-14.291314077672132,2.713542236022014,8,-278.08887245284666,0.0,0.0,8434.200000000019,20999.487452482284,29433.687452482303,1115.7284470908849,-27023.38415625845,28139.112603349335,3526.0317433147393
694,0.03530728530728531,96.83267056638601,-0.003532659141362968,0.2285219426070054,0.08374033374033374,1.278317287507285,1.25,1.29,1.27,0.040000000000000036,0.3272851888612679,0.058550174385837865,10.11414976514599,-13.894061459321977,2.54684347231359,14,-458.19926440577507,0.0,0.0,7684.080000000019,38439.18567353039,46123.265673530404,1789.644202510199,-44368.658423964815,46158.302626475015,3544.2514520757904
695,0.035358160358160355,96.70721297966492,-0.0012964522040088166,0.22942762709055192,0.08368945868945868,1.237017367714973,1.21,1.25,1.23,0.040000000000000036,0.31990528269353546,0.058095174858396624,10.003482985092825,-13.742410382336173,2.4855878812950274,14,-458.19926440577507,-10.331868634825412,-10.331868634825412,7684.080000000019,38439.18567353039,46123.265673530404,1731.8243148009622,-44311.17385001509,46042.998164816054,3543.916138316279
696,0.03540903540903541,96.58863035674474,-0.0012269548661754928,0.22909045423267965,0.08363858363858363,1.198797955522945,1.17,1.21,1.19,0.040000000000000036,0.31297839023108176,0.05764576428207224,9.895751197699521,-13.595345740752169,2.4281415043207417,14,-438.16974632351446,0.0,0.0,7684.080000000019,36504.46522407327,44188.545224073285,1678.3171377321232,-42322.215661150556,44000.532798882676,3544.6467006548555
697,0.03545991045991046,96.23766066247782,-0.003640272081021427,0.24146804021149093,0.08358770858770859,1.0918048060258414,1.06,1.1,1.08,0.040000000000000036,0.29293131298735636,0.056183721145847014,9.568981523438554,-13.134601000110269,2.2651616617400956,17,-497.9832320785058,0.0,0.0,7366.020000000019,42260.48735370482,49626.50735370484,1856.0681702439304,-47924.74130437518,49780.80947461911,3557.8342195735895
698,0.03551078551078551,96.09232398763784,-0.001511326512796093,0.23752800707289826,0.08353683353683353,1.049164127259239,1.02,1.06,1.04,0.040000000000000036,0.28474226205940867,0.05553958294257598,9.424985661139326,-12.936921807489606,2.198053039298242,23,-654.90720273664,0.0,0.0,6753.900000000019,57338.92242416133,64092.82242416134,2413.0774926962495,-62931.55510720683,65344.632599903074,3574.344809650771
699,0.03556166056166056,95.95450653880343,-0.0014352486017560951,0.23869205374346575,0.08348595848595848,1.0097987363276815,0.98,1.02,1.0,0.040000000000000036,0.2770598636180422,0.054905555039008264,9.285026707428248,-12.745335848810795,2.135182087315446,19,-526.4137408742802,0.0,0.0,7161.820000000019,45008.77922135971,52170.599221359735,1918.6175990225947,-50511.77074083709,52430.38833985969,3577.4460795452396
700,0.03561253561253561,95.92430795280445,-0.00031476727984126483,0.23300317861402717,0.08343508343508343,1.000810648477831,0.97,1.01,0.99,0.040000000000000036,0.27533143362536566,0.05477110372204941,9.250819931459317,-12.704394077327974,2.1200993686757106,17,-468.0634371631216,0.0,0.0,7363.780000000019,39411.28685840575,46775.06685840577,1701.3781024123127,-44898.66128788341,46600.03939029573,3577.7836729346745
701,0.03566341066341066,96.09205888770543,0.0017472570733273298,0.237617444341873,0.08338420838420837,1.047113700580777,1.02,1.06,1.04,0.040000000000000036,0.28451495516852543,0.05556934987031733,9.412756072182987,-12.943107554654283,2.192380476819292,8,-227.61196413482034,0.0,0.0,8317.600000000019,16304.654478679418,24622.25447867944,837.6909604646215,-21871.702261189454,22709.393221654074,3588.243177954606
702,0.03571428571428571,96.05519135284912,-0.0003837425231177736,0.23623812158423887,0.08333333333333333,1.0360061488345451,1.01,1.05,1.03,0.040000000000000036,0.28239804509558825,0.05540894176576882,9.372662387536174,-12.893710193757606,2.174149342541058,3,-84.71941352867648,-1.4210854715202004e-14,-1.4210854715202004e-14,8842.500000000018,2578.396908745026,11420.896908745044,310.80184465036353,-8137.739477798174,8448.541322448538,3593.9592755972326
703,0.035765160765160765,95.90002082230653,-0.0016167371813817554,0.23809698180801553,0.08328245828245828,0.9922056109251045,0.97,1.01,0.99,0.040000000000000036,0.27378400355751975,0.05468289296910707,9.214358438871141,-12.67565688628368,2.104021877942502,3,-84.71941352867648,-2.584212461420563,-2.584212461420563,8842.500000000018,2578.396908745026,11420.896908745044,297.6616832775313,-8124.593521453672,8422.255204731204,3593.965070568903
704,0.03581603581603581,95.8915274694106,-8.856858372724902e-05,0.23811319804772813,0.08323158323158322,0.9892379335484911,0.97,1.01,0.99,0.040000000000000036,0.2732466782033287,0.05465128065070242,9.201775920297187,-12.665449114656939,2.09850154596302,0,0.0,0.0,0.0,9145.440000000019,-5545.883254530891,3599.556745469128,0.0,0.0,0.0,3599.556745469128
705,0.035866910866910864,96.04960583029413,0.001647154978262652,0.2355719109640986,0.08318070818070818,1.0324624735803951,1.01,1.05,1.03,0.040000000000000036,0.28187410645294364,0.05541341467279499,9.355163481553614,-12.892302860157294,2.1661449508577846,0,0.0,0.0,0.0,9145.440000000019,-5545.883254530891,3599.556745469128,0.0,0.0,0.0,3599.556745469128
706,0.03591778591778592,95.90269904965167,-0.0015306594981174821,0.23144540833292046,0.08312983312983313,0.9910033971956516,0.97,1.01,0.99,0.040000000000000036,0.27371145500559885,0.05472436621145814,9.204961787833243,-12.685467145281129,2.0997485149771964,0,0.0,0.0,0.0,9145.440000000019,-5545.883254530891,3599.556745469128,0.0,0.0,0.0,3599.556745469128
707,0.03596866096866097,95.76584200510379,-0.0014280597854301727,0.23214497453785968,0.08307895807895807,0.9534191305640647,0.93,0.97,0.95,0.039999999999999925,0.2661934723058097,0.054060488811063734,9.06181002605279,-12.488990276317116,2.0386598374428995,0,0.0,0.0,0.0,9145.440000000019,-5545.883254530891,3599.556745469128,0.0,0.0,0.0,3599.556745469128
708,0.036019536019536016,95.8498915983071,0.000877272414046159,0.2330020763928531,0.08302808302808302,0.9753423774854006,0.96,1.0,0.98,0.040000000000000036,0.2706811036013684,0.054485732604442456,9.143526724480793,-12.613216514862357,2.073162417714628,-5,135.34055180068418,0.0,0.0,9645.340000000018,-18518.90909234248,-8873.569092342463,-487.67118874270034,12972.377218950645,13460.048407693346,3611.1369378654817
709,0.03607041107041107,95.81665392737783,-0.0003468280932522369,0.21556732140921045,0.08297720797720798,0.965736342352475,0.9500000000000001,0.99,0.97,0.039999999999999925,0.2687988178946507,0.054331131746964925,9.105677217247235,-12.566873076969792,2.056977351685105,-5,135.34055180068418,0.9411428533588264,0.9411428533588264,9645.340000000018,-18518.90909234248,-8873.569092342463,-482.86817117623747,12967.878814226508,13450.746985402746,3611.4415507078065
710,0.03612128612128612,95.91413266343913,0.0010168293386112694,0.21494082993131045,0.08292633292633292,0.9915508356258655,0.97,1.01,0.99,0.040000000000000036,0.27404512579663864,0.05481794896054425,9.200324210078465,-12.709897506011288,2.0974764467214553,-15,411.06768869495795,0.0,0.0,10655.140000000018,-44966.36058578944,-34311.22058578943,-1487.3262534387984,39427.200827141496,40914.527080580294,3628.653987913269
711,0.03617216117216117,95.91215583957853,-2.061056256850752e-05,0.21461952613691807,0.08287545787545787,0.9903626808485484,0.98,1.02,1.0,0.040000000000000036,0.2738635302378257,0.05481793850653657,9.194299078769928,-12.70905670905108,2.094799763153802,-22,602.4997665232166,0.0,0.0,11369.000000000018,-63327.94190031178,-51958.941900311765,-2178.7978978668066,57787.05150008443,59965.849397951235,3649.3117019058627
712,0.03622303622303622,96.01789454007704,0.0011018463339863476,0.21495097532682597,0.08282458282458283,1.0189737354581965,1.01,1.05,1.03,0.040000000000000036,0.27961456522468997,0.05533495138477825,9.29577980739358,-12.862381095390152,2.1392784771598126,-22,602.4997665232166,-12.652276971101287,-12.652276971101287,11369.000000000018,-63327.94190031178,-51958.941900311765,-2241.742218008032,57850.75904244725,60092.50126045528,3650.0749241274534
713,0.036273911273911275,95.86214278310064,-0.0016234288189272059,0.21301880803834636,0.08277370777370777,0.9754483913938472,0.97,1.01,0.99,0.040000000000000036,0.2709804222833365,0.05459252225513212,9.135714415888406,-12.640700116263059,2.0694515865453726,-22,602.4997665232166,6.342837499876282,6.342837499876282,11369.000000000018,-63327.94190031178,-51958.941900311765,-2145.986461066464,57756.91864523339,59902.905106299855,3651.990283855157
714,0.03632478632478632,95.86040201247734,-1.815926890779506e-05,0.21076120482159363,0.08272283272283272,0.9743337420514351,0.96,1.0,0.98,0.040000000000000036,0.2708115045699,0.054593308242837146,9.129899207272308,-12.640122988236627,2.066893337598852,-26,704.1099118817399,0.0,0.0,11768.920000000018,-73068.8183023952,-61299.89830239518,-2533.267729333731,67496.25921395358,70029.52694328732,3663.093182224671
715,0.036375661375661374,95.82879164851525,-0.0003298085160141299,0.21035986482963207,0.08267195767195767,0.965159766702623,0.96,1.0,0.98,0.040000000000000036,0.2690140161189465,0.054446321682300534,9.093717767598788,-12.596019679546046,2.0514325673355014,-21,564.9294338497876,0.0,0.0,11288.820000000018,-59731.988146382035,-48443.16814638201,-2026.8355100755084,54136.505012504975,56163.34052258048,3666.5013560474545
716,0.03642653642653643,95.64620514910624,-0.0019071581961664012,0.19484524109299295,0.08262108262108261,0.9163167580469285,0.91,0.9500000000000001,0.93,0.040000000000000036,0.25908076092101107,0.053530848346081294,8.901294617060229,-12.328274985461587,1.971650913631136,-18,466.3453696578199,0.0,0.0,11015.760000000018,-50303.26797782584,-39287.50797782582,-1649.3701644844712,44604.164896627626,46253.535061112096,3667.2867543173343
717,0.03647741147741147,95.41191186816269,-0.002452587747062237,0.19993477788940808,0.08257020757020757,0.8564647048789027,0.85,0.89,0.87,0.040000000000000036,0.24660480554827302,0.05230206678631129,8.649083797009222,-11.975757662299676,1.8720789157786706,-12,295.9257666579276,0.0,0.0,10505.640000000018,-34044.020838799945,-23538.380838799927,-1027.7576458546832,28234.84316788467,29262.60081373935,3668.7046832300584
718,0.036528286528286526,95.51471375159208,0.0010768733070122606,0.20132050250033148,0.08251933251933252,0.8814762179603406,0.87,0.91,0.89,0.040000000000000036,0.25193281460455397,0.05285926291707993,8.754675377428898,-12.13380208072584,1.912947855300278,-12,295.9257666579276,-6.39361086753712,-6.39361086753712,10505.640000000018,-34044.020838799945,-23538.380838799927,-1057.7714615524087,28265.26489405239,29323.0363556048,3669.1125937000543
719,0.03657916157916158,95.46220401850292,-0.0005499066067830824,0.2013958987132043,0.08246845746845746,0.8677067510890275,0.85,0.89,0.87,0.040000000000000036,0.24908699242609456,0.05258714303101969,8.69466879926787,-12.05553951177974,1.8894089783525094,-13,323.8130901539229,0.0,0.0,10594.620000000017,-36706.33931317289,-26111.71931317287,-1128.0187764157358,30911.911276135663,32039.930052551397,3672.1731865470574
720,0.03663003663003663,95.3092676552734,-0.0016033466078621225,0.20002633496295605,0.0824175824175824,0.8296226575912264,0.8200000000000001,0.86,0.8400000000000001,0.039999999999999925,0.24102902177095886,0.05176393939284372,8.525898084185911,-11.822085514181447,1.8249458976153137,-9,216.92611959386298,0.0,0.0,10266.540000000017,-26519.52979314711,-16252.989793147093,-746.6603918321038,20675.069593791333,21421.72998562344,3675.4194088121367
721,0.03668091168091168,95.29496099211889,-0.0001501190533174203,0.19763585814942516,0.08236670736670737,0.8255792748482982,0.81,0.85,0.8300000000000001,0.039999999999999925,0.2402101889053791,0.05169184723465275,8.50621413689829,-11.8012776230699,1.8174412736929224,-14,336.29426446753075,0.0,0.0,10691.440000000017,-37895.281261720345,-27203.84126172033,-1155.8109847876174,32047.148814306656,33202.95979909427,3687.4965677987093
722,0.03673178673178673,95.46386625451031,0.0017708780135641102,0.19647354872220282,0.08231583231583231,0.8662801513411971,0.85,0.89,0.87,0.040000000000000036,0.24894153746384834,0.05261859924721075,8.68407120050936,-12.062639941526562,1.8849207328466147,-14,336.29426446753075,-12.223887981856933,-12.223887981856933,10691.440000000017,-37895.281261720345,-27203.84126172033,-1212.792211877676,32103.950685287273,33316.74289716495,3687.3172116892674
723,0.036782661782661784,95.12289701591995,-0.003578103710039545,0.20878396162227408,0.08226495726495725,0.7838346594086794,0.77,0.81,0.79,0.040000000000000036,0.23123834997970172,0.05074092813838167,8.309331800235732,-11.535008206152042,1.7450229552049294,-6,138.74300998782104,0.0,0.0,10075.280000000017,-19104.573208862887,-9029.29320886287,-470.3007956452076,13197.637050750252,13667.93784639546,3698.0430462421755
724,0.03683353683353683,94.89983851659322,-0.002347704353949863,0.21289943470320125,0.08221408221408222,0.7329378293124158,0.72,0.76,0.74,0.040000000000000036,0.2199816404874772,0.04945918324151654,8.05650685345605,-11.182232554331714,1.6560616339324445,-2,43.99632809749545,7.105427357601002e-15,7.105427357601002e-15,9787.200000000017,-10113.577969728529,-326.37796972851174,-146.58756586248316,4175.244431775372,4321.831997637854,3702.2788961843767
725,0.03688441188441188,94.76258184405845,-0.0014473789402816976,0.2138468246211805,0.08216320716320716,0.7026495220741253,0.68,0.72,0.7,0.039999999999999925,0.21316660339181243,0.04865224369136718,7.897264917629502,-10.962799855392992,1.6019827334093335,-6,127.89996203508744,0.0,0.0,10075.120000000017,-18064.90049400241,-7989.7804940023925,-421.5897132444752,12120.130620201942,12541.720333446417,3708.7604129550746
726,0.036935286935286936,94.98018528682736,0.0022936688597804474,0.21962403098524927,0.0821123321123321,0.7496218664948202,0.73,0.77,0.75,0.040000000000000036,0.22381246780005326,0.0499379030867968,8.138181939979063,-11.312301009018984,1.683970200476969,0,0.0,0.0,0.0,9637.000000000016,-5917.545799836233,3719.4542001637838,0.0,0.0,0.0,3719.4542001637838
727,0.03698616198616198,95.02238828364935,0.0004442360618906477,0.2107148997541842,0.08206145706145707,0.7585330136589228,0.74,0.78,0.76,0.040000000000000036,0.2258443469573861,0.05018769883233544,8.181088136256935,-11.380446084917589,1.6988146374714377,0,0.0,0.0,0.0,9637.000000000016,-5917.545799836233,3719.4542001637838,0.0,0.0,0.0,3719.4542001637838
728,0.037037037037037035,95.136946832237,0.0012048691943167972,0.21440001665825112,0.082010582010582,0.7841479451448308,0.76,0.8,0.78,0.040000000000000036,0.23155127918096224,0.05085038918857417,8.303960517081107,-11.562920556477279,1.742309384995122,0,0.0,0.0,0.0,9637.000000000016,-5917.545799836233,3719.4542001637838,0.0,0.0,0.0,3719.4542001637838
729,0.03708791208791209,94.96696322832871,-0.0017883235453296823,0.21626903958933122,0.08195970695970695,0.7449434171448246,0.72,0.76,0.74,0.040000000000000036,0.22290921608544684,0.04987643345716174,8.110797708709171,-11.294168741108606,1.6739506208367358,-6,133.7455296512681,0.0,0.0,10092.880000000016,-18619.587666521373,-8526.707666521357,-446.96605028689476,12701.406796345325,13148.37284663222,3727.7330795370726
730,0.037138787138787134,94.80035146246155,-0.001755958964265679,0.21655935877627477,0.08190883190883191,0.7079308624730949,0.6900000000000001,0.73,0.71,0.039999999999999925,0.2145986935530136,0.04889858286666203,7.918986110833798,-11.027576057300593,1.6083700723787986,-6,133.7455296512681,4.986313519459941,4.986313519459941,10092.880000000016,-18619.587666521373,-8526.707666521357,-424.75851748385696,12679.123217473289,13103.881734957145,3727.6570334680746
731,0.03718966218966219,94.86706772814195,0.0007035079479304023,0.21850390509120202,0.08185795685795685,0.7217906886033987,0.7000000000000001,0.74,0.72,0.039999999999999925,0.21779244163308753,0.04929929304053683,7.990155419975258,-11.135891129835374,1.6322099741844989,-6,133.7455296512681,3.0700646714155937,3.0700646714155937,10092.880000000016,-18619.587666521373,-8526.707666521357,-433.0744131620392,12688.046219763068,13121.120632925107,3728.264140079671
732,0.03724053724053724,94.8758193564026,9.224723415271047e-05,0.21384053483232823,0.0818070818070818,0.723131338358403,0.71,0.75,0.73,0.040000000000000036,0.21814228974665723,0.04935572585760098,7.99580518473024,-11.150840406817636,1.6339571528958623,0,0.0,0.0,0.0,9666.760000000015,-5931.005416436819,3735.7545835631954,0.0,0.0,0.0,3735.7545835631954
733,0.03729141229141229,94.95762602962795,0.000861878454800636,0.20540755888385318,0.08175620675620675,0.7405685199294503,0.72,0.76,0.74,0.040000000000000036,0.22211815998831924,0.04984223647150613,8.083522148522325,-11.283109677486182,1.6638405654030883,-3,66.63544799649577,0.0,0.0,9894.700000000015,-12258.865744802344,-2364.165744802329,-222.17055597883507,6327.543951167966,6549.714507146801,3741.207650386802
734,0.03734228734228734,94.92974227274945,-0.00029368732979126287,0.20463199999180054,0.0817053317053317,0.7338226085767054,0.72,0.76,0.74,0.040000000000000036,0.22064897208965045,0.0496835004945047,8.048035228274388,-11.239327401424418,1.6514549184011642,4,-88.2595888358602,-1.4210854715202004e-14,-1.4210854715202004e-14,9390.560000000016,2444.544973724951,11835.104973724967,293.5290434306822,-8378.460021287043,8671.989064717725,3750.1739958686067
735,0.03739316239316239,94.97126068490992,0.0004372637550657494,0.20488207879929515,0.08165445665445664,0.7424512810764057,0.72,0.76,0.74,0.040000000000000036,0.2226352889143246,0.04993231158748477,8.090374997494822,-11.306899341946124,1.6658736244406886,6,-133.58117334859477,0.0,0.0,9246.520000000015,6748.577778736171,15995.097778736186,445.4707686458434,-12686.372436685537,13131.84320533138,3754.1961106964936
736,0.037444037444037445,94.9949041083731,0.00024892247112549886,0.19156116651234273,0.0816035816035816,0.7471519194107792,0.72,0.76,0.74,0.040000000000000036,0.22373603565638317,0.05007584268537386,8.112613485363944,-11.345773757287116,1.6734145634259887,12,-268.48324278765983,0.0,0.0,8814.400000000014,19562.946178663726,28377.34617866374,896.582303292935,-25504.5399033188,26401.122206611737,3769.388578637878
737,0.03749491249491249,95.11098916341959,0.0012212674470734348,0.19268831585251975,0.08155270655270655,0.7728765832913531,0.75,0.79,0.77,0.040000000000000036,0.2295073906133347,0.05075473115904135,8.237567536592108,-11.532119725691672,1.7171573447439938,10,-229.5073906133347,0.0,0.0,8972.360000000013,15855.728973283756,24828.088973283768,772.8765832913531,-21828.674941549583,22601.551524840936,3772.2906150255367
738,0.037545787545787544,95.23158562674664,0.0012671519190754108,0.19373381325002503,0.08150183150183149,0.8003286716963132,0.78,0.8200000000000001,0.8,0.040000000000000036,0.23558964534446564,0.05144911175132513,8.366233111336543,-11.724299557961483,1.7633122401477137,10,-229.5073906133347,6.082254731130945,6.082254731130945,8972.360000000013,15855.728973283756,24828.088973283768,800.3286716963132,-21856.35272116497,22656.681392861283,3772.064923815109
739,0.0375966625966626,94.98990168792673,-0.002541080634786142,0.20077152712741309,0.08145095645095644,0.7443026689671548,0.72,0.76,0.74,0.040000000000000036,0.22324081459155742,0.050062233404841554,8.094387033213863,-11.34074412599568,1.6665941137194706,10,-229.5073906133347,-6.266576021777297,-6.266576021777297,8972.360000000013,15855.728973283756,24828.088973283768,744.3026689671548,-21800.88447101326,22545.187139980415,3771.5071712376593
740,0.03764753764753764,94.65559645908552,-0.0035255840859386954,0.20837847615773683,0.0814000814000814,0.6718832615225416,0.65,0.6900000000000001,0.67,0.040000000000000036,0.20675387302303494,0.04806443965804249,7.711946295655303,-10.79950918482777,1.5383417101911976,10,-206.75387302303494,0.0,0.0,8972.360000000013,13701.873506842685,22674.2335068427,671.8832615225416,-19570.411171221403,20242.294432743944,3775.705597143835
741,0.037698412698412696,94.8045813906597,0.0015727311562185834,0.21296892404556447,0.08134920634920634,0.7026614576373298,0.68,0.72,0.7,0.039999999999999925,0.21389952104941246,0.048971241828302134,7.877270663498679,-11.043126827374659,1.5924915017851342,10,-206.75387302303494,7.145648026377529,7.145648026377529,8972.360000000013,13701.873506842685,22674.2335068427,702.6614576373298,-19601.21438284644,20303.875840483768,3775.6805816335873
742,0.03774928774928775,94.9815159146175,0.0018645683506969698,0.21645211441111487,0.08129833129833129,0.7407033291936038,0.72,0.76,0.74,0.040000000000000036,0.2225757804843096,0.05002852766820106,8.072354532041771,-11.330226717370387,1.6584763414693855,10,-222.5757804843096,0.0,0.0,8972.360000000013,15204.587122737583,24176.947122737598,740.7033291936038,-21140.585036278866,21881.28836547247,3777.065415652334
743,0.037800162800162795,94.82959625291677,-0.0016007460512254851,0.21853265657824456,0.08124745624745625,0.706899606410289,0.68,0.72,0.7,0.039999999999999925,0.2149611661674996,0.04913021238793329,7.897122922762157,-11.085379851936045,1.5987696501384732,10,-222.5757804843096,-7.6146143168100195,-7.6146143168100195,8972.360000000013,15204.587122737583,24176.947122737598,706.899606410289,-21106.771399004912,21813.671005415203,3777.075330142976
744,0.03785103785103785,94.55332195337823,-0.0029176284549693454,0.22165639304953008,0.08119658119658119,0.6488240961526905,0.62,0.66,0.64,0.040000000000000036,0.2015355507655624,0.047448697117036955,7.577715557137289,-10.633951078656795,1.4945880456763407,13,-261.9962159952311,0.0,0.0,8786.300000000014,18931.733886487607,27718.03388648762,843.4713249984977,-24772.61256156391,25616.083886562406,3788.892649922207
745,0.0379019129019129,94.56809310419912,0.00015620812530838912,0.22044747405745924,0.08114570614570614,0.6512639346811753,0.63,0.67,0.65,0.040000000000000036,0.20215335352170188,0.04754320419780622,7.590422255853305,-10.658791579005054,1.4984360597203856,8,-161.72268281736152,0.0,0.0,9121.200000000013,9448.582931194762,18569.782931194775,521.0111477449402,-15293.805725733107,15814.816873478048,3796.988353206607
746,0.037952787952787954,94.70640205165323,0.001461464440392669,0.222733985796444,0.0810948310948311,0.6791271685440812,0.66,0.7000000000000001,0.68,0.040000000000000036,0.2087045854528342,0.04839670977519685,7.744446206196171,-10.886581234609645,1.5478191869623927,8,-161.72268281736152,5.24098554490584,5.24098554490584,9121.200000000013,9448.582931194762,18569.782931194775,543.3017348352649,-15316.173419773031,15859.475154608295,3796.91124625701
747,0.038003663003663,94.97399999109315,0.002821568428708824,0.23206465793594228,0.08104395604395603,0.7361522097096618,0.71,0.75,0.73,0.040000000000000036,0.22178956574507402,0.050009850476670704,8.042819608862883,-11.322985431933848,1.6474688328542109,3,-66.5368697235222,0.0,0.0,9496.100000000013,407.9535103976759,9904.053510397689,220.84566291289855,-6319.272664529164,6540.118327442063,3805.6265087814227
748,0.038054538054538053,95.05105248761272,0.0008109720243458195,0.2332297987555671,0.08099308099308099,0.7528081520232419,0.73,0.77,0.75,0.040000000000000036,0.22557861297203924,0.050468766634128685,8.124696606380589,-11.44825469344999,1.6756396457074978,3,-66.5368697235222,1.1367141680895685,1.1367141680895685,9496.100000000013,407.9535103976759,9904.053510397689,225.84244560697257,-6324.399496451959,6550.241942058931,3805.4964595527035
749,0.038105413105413107,94.99570234776672,-0.0005824897295291007,0.23165180186967538,0.08094220594220594,0.7398215710112197,0.72,0.76,0.74,0.040000000000000036,0.22271196857045494,0.050148458838261425,8.058667253515369,-11.36002037719229,1.652585549583196,5,-111.35598428522746,0.0,0.0,9352.060000000012,4665.363895628566,14017.423895628577,369.91078550560985,-10578.339937802057,10948.250723307667,3808.9947433321304
750,0.03815628815628815,94.8627362982853,-0.0014006864500596382,0.23302290183901486,0.08089133089133088,0.7100824402347321,0.6900000000000001,0.73,0.71,0.039999999999999925,0.21601356057634674,0.049360669007945314,7.904911174037959,-11.145117102423608,1.6001563105301662,9,-194.41220451871206,0.0,0.0,9075.980000000012,12543.910266554027,21619.890266554037,639.0741962112589,-18442.47369042689,19081.54788663815,3816.490772338406
751,0.038207163207163206,94.86451717890719,1.8773060689110192e-05,0.23095502904672116,0.08084045584045584,0.7099000353027343,0.6900000000000001,0.73,0.71,0.039999999999999925,0.21601853324314602,0.04937593006224448,7.902678700070387,-11.148865078554667,1.5992339023178108,14,-302.4259465404044,0.0,0.0,8730.880000000012,22790.06941855463,31520.949418554643,993.860049423828,-28689.491400929463,29683.35145035329,3825.3180670490074
752,0.03825803825803826,94.82005522048901,-0.0004687988977710193,0.22900458708150154,0.08078958078958079,0.6997806189353248,0.67,0.71,0.69,0.039999999999999925,0.21374594493427712,0.04911199483171283,7.848126921336117,-11.077061567307709,1.5808599528096683,14,-302.4259465404044,-3.1816236324164606,-3.1816236324164606,8730.880000000012,22790.06941855463,31520.949418554643,979.6928665094548,-28676.044951069805,29655.737817579262,3824.597333994294
753,0.038308913308913305,94.66921903953245,-0.001592029030711166,0.23079164724972595,0.08073870573870573,0.6675442434863648,0.64,0.68,0.66,0.040000000000000036,0.20632350569048602,0.04819443245702926,7.672182472685075,-10.830031052057723,1.5231309128888004,19,-392.0146608119234,0.0,0.0,8410.780000000012,31270.938968714407,39681.71896871442,1268.3340626240931,-37111.721791111995,38380.055853736085,3838.3312402265146
754,0.03835978835978836,94.97413566659729,0.003215687576189709,0.24406274914462317,0.08068783068783068,0.7321486141021794,0.7000000000000001,0.74,0.72,0.039999999999999925,0.22121945586339536,0.050046332569933336,8.013341987060716,-11.32997791480234,1.636186055487678,16,-353.95112938143257,0.0,0.0,8632.720000000012,27655.707218135278,36288.427218135286,1171.437782563487,-33616.202581217505,34787.64036378099,3843.6624194812684
755,0.03841066341066341,95.24063299345296,0.0028020695038780906,0.2501429716674109,0.08063695563695564,0.7923005090040398,0.76,0.8,0.78,0.040000000000000036,0.23468430400796142,0.05160950779582147,8.304836130228171,-11.760132826532232,1.7384667346343263,16,-375.49488641273825,0.0,0.0,8632.720000000012,29707.44568280115,38340.16568280116,1267.6808144064637,-35762.37066775391,37030.05148216037,3845.475829453717
756,0.03846153846153846,95.41064415853754,0.0017834783242832624,0.24767896632137232,0.08058608058608058,0.8323379490717997,0.8,0.84,0.8200000000000001,0.039999999999999925,0.24346062113814654,0.05257852661665634,8.48564350540069,-12.030831319691067,1.8048378326045469,20,-486.92124227629307,0.0,0.0,8312.640000000012,40338.17450896189,48650.81450896191,1664.6758981435994,-46457.46938005644,48122.14527820004,3858.0210270490643
757,0.03851241351241351,95.2729530820488,-0.0014441840033721433,0.24847268723154767,0.08053520553520553,0.7987105488673372,0.77,0.81,0.79,0.040000000000000036,0.2361933457485339,0.051807510114364345,8.33183050185015,-11.81421560244238,1.7479463288206176,22,-519.6253606467745,0.0,0.0,8158.600000000012,43453.83665316579,51612.4366531658,1757.1632075081418,-49506.24260514284,51263.405812650984,3863.357255531104
758,0.03856328856328856,95.40094198948488,0.0013424902932900678,0.25018839443769986,0.08048433048433049,0.828755594869893,0.8,0.84,0.8200000000000001,0.039999999999999925,0.24279043473443745,0.05253873193907371,8.466792744652993,-12.01845654518521,1.7975113291210936,22,-519.6253606467745,14.513595768987898,14.513595768987898,8158.600000000012,43453.83665316579,51612.4366531658,1823.2623087137647,-49572.748887328096,51396.01119604186,3862.950074551467
759,0.038614163614163616,95.4968202120475,0.001004498214320092,0.2484766141804844,0.08043345543345543,0.8516570778383645,0.8200000000000001,0.86,0.8400000000000001,0.039999999999999925,0.2477738310814928,0.053079185023108565,8.565672692963235,-12.170528574369,1.8346835731074516,17,-421.2155128385378,0.0,0.0,8588.500000000013,34055.53921855048,42644.0392185505,1447.8170323252198,-40224.742100067226,41672.559132392445,3867.114150808491
760,0.03866503866503866,95.56323663222938,0.0006952413178778508,0.24884821335301688,0.08038258038258038,0.8676061821462362,0.84,0.88,0.86,0.040000000000000036,0.2512322050488137,0.05345132640691161,8.632265950345104,-12.275692640456327,1.860129794268473,15,-376.84830757322055,0.0,0.0,8764.460000000012,29815.453489383504,38579.913489383514,1301.4092732193542,-36012.843991074835,37314.25326429419,3868.4787715280327
761,0.038715913715913715,95.75089317337279,0.001961764157382559,0.24955814992181438,0.08033170533170533,0.9150593763723656,0.89,0.93,0.91,0.040000000000000036,0.2612800682081905,0.05446570424527739,8.825076086892794,-12.566428788949493,1.9362142493771077,15,-391.92010231228574,0.0,0.0,8764.460000000012,31258.519140484335,40022.97914048435,1372.5890645585484,-37526.69984900101,38899.288913559554,3868.8683560418867
762,0.03876678876678877,95.84648309855727,0.0009978208989663167,0.2356474596753856,0.08028083028083027,0.9396379788412403,0.91,0.9500000000000001,0.93,0.040000000000000036,0.26643361337994625,0.054973349487711105,8.919471026014582,-12.713312759422426,1.9746745542350748,21,-559.5105880978872,0.0,0.0,8218.340000000011,47320.67465587982,55539.01465587983,1973.2397555666048,-53627.12212558799,55600.36188115459,3885.1322858584463
763,0.038817663817663814,95.95792390493254,0.0011620256349280911,0.22914685684876962,0.08022995522995523,0.9690167612678131,0.9400000000000001,0.98,0.96,0.039999999999999925,0.27251600030632306,0.05555188565988877,9.028585651289516,-12.882344425469308,2.020274743520939,27,-735.7932008270723,0.0,0.0,7654.220000000011,64235.54240823275,71889.76240823277,2616.3452554230953,-70605.18797473094,73221.53323015403,3900.919688924914
764,0.03886853886853887,96.05395189927422,0.0010002298237598017,0.22614778726815377,0.08017908017908018,0.9947801276859387,0.96,1.0,0.98,0.040000000000000036,0.2777988409904706,0.05604128902094434,9.120577575456874,-13.026562198303184,2.0597120827634963,27,-735.7932008270723,14.263669847198344,14.263669847198344,7654.220000000011,64235.54240823275,71889.76240823277,2685.9063447520343,-70675.84472005662,73361.75106480865,3899.8240329281834
765,0.03891941391941392,96.10540927093626,0.0005355697747814111,0.22172088971309564,0.08012820512820512,1.0084826125526725,0.98,1.02,1.0,0.040000000000000036,0.2806147919758819,0.05630440012975714,9.167398207351924,-13.104206595408082,2.0801375655262904,27,-757.6599383348811,0.0,0.0,7654.220000000011,66336.94909025297,73991.16909025298,2722.9030538922157,-72815.21846186608,75538.12151575829,3898.8536822791066
766,0.038970288970288966,95.83688043630148,-0.0027980181984377426,0.23233846179175557,0.08007733007733008,0.9344970362786533,0.9,0.9400000000000001,0.92,0.040000000000000036,0.265598138925043,0.054961165940674996,8.893107455224786,-12.706606241994532,1.963464106406604,19,-504.6364639575818,0.0,0.0,8406.06000000001,42086.756179755066,50492.81617975508,1775.5443689294414,-48362.78446010073,50138.32882903017,3905.576088583788
767,0.03902116402116402,95.84953375774602,0.00013202105653784837,0.23122908812658205,0.08002645502645503,0.9372146628519928,0.91,0.9500000000000001,0.93,0.040000000000000036,0.2662170134549602,0.05503624165095889,8.90194769525888,-12.727722980223191,1.9670152093766209,15,-399.3255201824403,0.0,0.0,8785.98000000001,31992.246619076526,40778.22661907654,1405.8219942779892,-38275.1649270563,39680.98692133429,3908.883686298228
768,0.03907203907203907,95.76599263331617,-0.0008719661845416714,0.2280644514661717,0.07997557997557997,0.9145250353301613,0.89,0.93,0.91,0.040000000000000036,0.2615596150346421,0.05460820826131208,8.811718920659786,-12.602492915178294,1.9301299378472532,19,-496.96326856581993,0.0,0.0,8429.90000000001,41342.15499269822,49772.05499269823,1737.5975671273063,-47592.18071650304,49329.778283630345,3917.4718433224916
769,0.03912291412291412,95.57393449479906,-0.002007507851609467,0.22925564993241987,0.07992470492470492,0.8646651496743338,0.84,0.88,0.86,0.040000000000000036,0.25109082929298354,0.05358225982417356,8.606046302089567,-12.307123002090986,1.848904059215901,23,-577.5089073738621,0.0,0.0,8093.820000000011,49039.833696799426,57133.65369679943,1988.7298442509677,-55194.79848351248,57183.52832776345,3927.5850575379227
770,0.03917378917378917,95.82657259354743,0.002639891077736896,0.23545655848500258,0.07987382987382988,0.9291788059455897,0.9,0.9400000000000001,0.92,0.040000000000000036,0.2647227428269042,0.05494485776569099,8.865967877624401,-12.698728374613614,1.9519801634589942,23,-608.8623085018797,0.0,0.0,8093.820000000011,52044.172441599556,60137.99244159956,2137.111253674856,-58345.188205130245,60482.2994588051,3929.9154901441725
771,0.039224664224664224,96.08699178872935,0.0027139233837970636,0.2417730876515389,0.07982295482295482,0.9993300542106098,0.97,1.01,0.99,0.040000000000000036,0.2791304814771416,0.056277820754750206,9.124665380440332,-13.090672075048314,2.0611466900130546,23,-642.0001073974257,0.0,0.0,8093.820000000011,55228.12464640193,63321.94464640194,2298.4591246844025,-61687.859047859805,63986.318172544205,3932.5447232265433
772,0.03927553927553928,96.29222928237705,0.002133677123426618,0.24489889300323806,0.07977207977207976,1.057129202159782,1.03,1.07,1.05,0.040000000000000036,0.29071027839598135,0.05727566559540876,9.320221270554784,-13.39063963360209,2.148741664492627,16,-465.13644543357015,0.0,0.0,8842.680000000011,38196.67682704304,47039.356827043055,1691.4067234556512,-44789.0252512792,46480.43197473485,3941.7382992195053
773,0.03932641432641432,96.33087735317451,0.00040128177757161357,0.24443904283128967,0.07972120472120472,1.0677233016485737,1.04,1.08,1.06,0.040000000000000036,0.29285513139611685,0.05746744602160088,9.352968288260323,-13.448170993715555,2.163894060356471,19,-556.424749652622,0.0,0.0,8530.620000000012,46990.11957042594,55520.73957042595,2028.67427313229,-53600.88431505757,55629.55858818986,3948.529528500665
774,0.039377289377289376,96.53533370509608,0.0021201891963256968,0.24755827290568178,0.07967032967032966,1.1281082781213883,1.1,1.1400000000000001,1.12,0.040000000000000036,0.3046300312637402,0.05840126137746987,9.539247717012783,-13.736329709936967,2.2530333789807995,19,-578.7970594011064,0.0,0.0,8530.620000000012,49149.72997183028,57680.34997183029,2143.4057284306377,-55874.36727681412,58017.77300524476,3949.3884234468132
775,0.03942816442816443,96.53723716295912,1.9717537861653353e-05,0.24769308975501408,0.0796194546194546,1.1279891952060197,1.1,1.1400000000000001,1.12,0.040000000000000036,0.30467138900778373,0.058422292105899935,9.53696528734902,-13.74168600791414,2.2519681946760928,12,-365.6056668093405,0.0,0.0,9328.480000000012,28567.79289869607,37896.27289869608,1353.5870342472235,-35294.560964895114,36648.14799914234,3955.2989680481915
776,0.039479039479039475,96.56804044519181,0.00031903097497432647,0.24699732208447622,0.07956857956857957,1.1367004870182136,1.11,1.1500000000000001,1.1300000000000001,0.040000000000000036,0.3064035805869267,0.05856931700527012,9.560955202060475,-13.78663450437178,2.2638926158689094,12,-365.6056668093405,2.0786298949714705,2.0786298949714705,9328.480000000012,28567.79289869607,37896.27289869608,1364.0405844218562,-35305.822819435714,36669.86340385757,3954.4906636822197
777,0.03952991452991453,96.40256251615467,-0.001715058843777649,0.2505660518547324,0.07951770451770451,1.0861062502138132,1.06,1.1,1.08,0.040000000000000036,0.2967004806397146,0.057845019114221234,9.40436855573818,-13.559768278473845,2.188055308251301,19,-563.7309132154577,0.0,0.0,8586.340000000013,47666.619362317695,56252.959362317706,2063.601875406245,-54345.104603542124,56408.70647894837,3971.456634181828
778,0.03958078958078958,96.46271314394804,0.0006237580045220281,0.24183828753132183,0.07946682946682945,1.103363571660271,1.07,1.11,1.09,0.040000000000000036,0.3001171859920807,0.05812956806080159,9.456373309509843,-13.646686763070429,2.212893287103701,27,-810.316402178618,0.0,0.0,7730.180000000013,71451.73533436682,79181.91533436683,2979.0816434827316,-78165.31865919205,81144.40030267478,3995.678318657505
779,0.03963166463166463,96.47193163155366,9.556072859104749e-05,0.22451995357747767,0.07941595441595442,1.1054376712440686,1.07,1.11,1.09,0.040000000000000036,0.3005823832605679,0.05818333686662474,9.460868671050482,-13.662210254032534,2.2150956469939866,20,-601.1647665211358,0.0,0.0,8507.040000000014,51273.46417547579,59780.504175475806,2210.875342488137,-57995.52625512593,60206.401597614065,3995.8532628380126
780,0.03968253968253968,96.27501151001063,-0.0020433028596626634,0.23008503461607813,0.07936507936507936,1.0466883349848999,1.02,1.06,1.04,0.040000000000000036,0.2891402054497606,0.05728693864711551,9.271177775260249,-13.38565816196466,2.126213354976003,20,-578.2804108995211,0.0,0.0,8507.040000000014,49070.16241502562,57577.20241502563,2093.3766699698,-55673.95321536507,57767.329885334875,3996.625869630363
